,date,Afghanistan_nan,Albania_nan,Algeria_nan,Andorra_nan,Argentina_nan,Armenia_nan,Australia_From Diamond Princess,Australia_New South Wales,Australia_Northern Territory,Australia_Queensland,Australia_South Australia,Australia_Tasmania,Australia_Victoria,Australia_Western Australia,Austria_nan,Azerbaijan_nan,Bahrain_nan,Bangladesh_nan,Belarus_nan,Belgium_nan,Bhutan_nan,Bolivia_nan,Bosnia and Herzegovina_nan,Brazil_nan,Brunei_nan,Bulgaria_nan,Burkina Faso_nan,Cambodia_nan,Cameroon_nan,Canada_Alberta,Canada_British Columbia,Canada_New Brunswick,Canada_Ontario,Canada_Quebec,Chile_nan,China_Anhui,China_Beijing,China_Chongqing,China_Fujian,China_Gansu,China_Guangdong,China_Guangxi,China_Guizhou,China_Hainan,China_Hebei,China_Heilongjiang,China_Henan,China_Hong Kong,China_Hubei,China_Hunan,China_Inner Mongolia,China_Jiangsu,China_Jiangxi,China_Jilin,China_Liaoning,China_Macau,China_Ningxia,China_Qinghai,China_Shaanxi,China_Shandong,China_Shanghai,China_Shanxi,China_Sichuan,China_Tianjin,China_Tibet,China_Xinjiang,China_Yunnan,China_Zhejiang,Colombia_nan,Congo (Kinshasa)_nan,Costa Rica_nan,Cote d'Ivoire_nan,Croatia_nan,Cruise Ship_Diamond Princess,Cuba_nan,Cyprus_nan,Czechia_nan,Denmark_Denmark,Denmark_Faroe Islands,Dominican Republic_nan,Ecuador_nan,Egypt_nan,Estonia_nan,Finland_nan,France_France,France_Saint Barthelemy,France_St Martin,French Guiana_nan,Georgia_nan,Germany_nan,Greece_nan,Guyana_nan,Holy See_nan,Honduras_nan,Hungary_nan,Iceland_nan,India_nan,Indonesia_nan,Iran_nan,Iraq_nan,Ireland_nan,Israel_nan,Italy_nan,Jamaica_nan,Japan_nan,Jordan_nan,"Korea, South_nan",Kuwait_nan,Latvia_nan,Lebanon_nan,Liechtenstein_nan,Lithuania_nan,Luxembourg_nan,Malaysia_nan,Maldives_nan,Malta_nan,Martinique_nan,Mexico_nan,Moldova_nan,Monaco_nan,Mongolia_nan,Morocco_nan,Nepal_nan,Netherlands_nan,New Zealand_nan,Nigeria_nan,North Macedonia_nan,Norway_nan,Oman_nan,Pakistan_nan,Panama_nan,Paraguay_nan,Peru_nan,Philippines_nan,Poland_nan,Portugal_nan,Qatar_nan,Reunion_nan,Romania_nan,Russia_nan,San Marino_nan,Saudi Arabia_nan,Senegal_nan,Serbia_nan,Singapore_nan,Slovakia_nan,Slovenia_nan,South Africa_nan,Spain_nan,Sri Lanka_nan,Sweden_nan,Switzerland_nan,Taiwan*_nan,Thailand_nan,Togo_nan,Tunisia_nan,Turkey_nan,Ukraine_nan,United Arab Emirates_nan,United Kingdom_Channel Islands,United Kingdom_Gibraltar,United Kingdom_UK,"Unites States_Adams, IN","Unites States_Alachua, FL","Unites States_Alameda County, CA",Unites States_Alaska,"Unites States_Anoka, MN","Unites States_Arapahoe, CO",Unites States_Arizona,Unites States_Arkansas,"Unites States_Arlington, VA","Unites States_Beadle, SD","Unites States_Bennington County, VT","Unites States_Bergen County, NJ","Unites States_Berkshire County, MA","Unites States_Bernalillo, NM","Unites States_Bon Homme, SD","Unites States_Boone, IN","Unites States_Broward County, FL","Unites States_Bucks, PA","Unites States_Burlington, NJ","Unites States_Calaveras, CA",Unites States_California,"Unites States_Camden, NC","Unites States_Camden, NJ","Unites States_Carver County, MN","Unites States_Charles Mix, SD","Unites States_Charleston County, SC","Unites States_Charlotte County, FL","Unites States_Charlton, GA","Unites States_Chatham County, NC","Unites States_Cherokee County, GA","Unites States_Clark County, NV","Unites States_Clark County, WA","Unites States_Cobb County, GA","Unites States_Collier, FL","Unites States_Collin County, TX",Unites States_Colorado,Unites States_Connecticut,"Unites States_Contra Costa County, CA","Unites States_Cook County, IL","Unites States_Cuyahoga, OH","Unites States_Dallas, TX","Unites States_Dane, WI","Unites States_Davidson County, TN","Unites States_Davis County, UT","Unites States_Davison, SD","Unites States_DeKalb, GA",Unites States_Delaware,"Unites States_Delaware County, PA","Unites States_Denver County, CO","Unites States_Deschutes, OR",Unites States_Diamond Princess,Unites States_District of Columbia,"Unites States_Douglas County, CO","Unites States_Douglas County, NE","Unites States_Douglas County, OR","Unites States_Eagle, CO","Unites States_El Paso County, CO","Unites States_Essex, MA","Unites States_Fairfax County, VA","Unites States_Fairfield, CT","Unites States_Fayette County, KY","Unites States_Fayette, GA",Unites States_Florida,"Unites States_Floyd, GA","Unites States_Fort Bend County, TX","Unites States_Fresno County, CA","Unites States_Fulton County, GA",Unites States_Georgia,"Unites States_Grafton County, NH",Unites States_Grand Princess,"Unites States_Grant County, WA","Unites States_Gregg, TX","Unites States_Gunnison, CO","Unites States_Gwinnett, GA","Unites States_Hanover, VA","Unites States_Harford County, MD","Unites States_Harris County, TX","Unites States_Harrison County, KY",Unites States_Hawaii,"Unites States_Hendricks County, IN","Unites States_Hillsborough, FL","Unites States_Honolulu County, HI","Unites States_Howard, IN","Unites States_Hudson County, NJ","Unites States_Humboldt County, CA",Unites States_Idaho,Unites States_Illinois,Unites States_Indiana,Unites States_Iowa,"Unites States_Island, WA","Unites States_Jackson County, OR ","Unites States_Jefferson County, KY","Unites States_Jefferson County, WA","Unites States_Jefferson Parish, LA","Unites States_Jefferson, CO","Unites States_Johnson County, IA","Unites States_Johnson County, KS","Unites States_Johnson, IN","Unites States_Kane, IL",Unites States_Kansas,Unites States_Kentucky,"Unites States_Kershaw County, SC","Unites States_King County, WA","Unites States_Kitsap, WA","Unites States_Kittitas County, WA","Unites States_Klamath County, OR","Unites States_Knox, NE","Unites States_Lake, IL","Unites States_Lancaster, SC","Unites States_Larimer, CO","Unites States_Lee County, FL","Unites States_Litchfield, CT","Unites States_Los Angeles, CA","Unites States_Loudoun, VA",Unites States_Louisiana,"Unites States_Madera County, CA",Unites States_Maine,"Unites States_Manatee County, FL","Unites States_Maricopa County, AZ","Unites States_Marin, CA","Unites States_Marion County, IN","Unites States_Marion County, OR",Unites States_Maryland,Unites States_Massachusetts,"Unites States_McHenry, IL",Unites States_Michigan,"Unites States_Middlesex County, MA","Unites States_Middlesex, NJ","Unites States_Minnehaha, SD",Unites States_Minnesota,Unites States_Mississippi,Unites States_Missouri,"Unites States_Monmouth, NJ","Unites States_Monroe, PA",Unites States_Montana,"Unites States_Montgomery County, MD","Unites States_Montgomery County, PA","Unites States_Montgomery, TX","Unites States_Multnomah, OR","Unites States_Napa, CA","Unites States_Nassau County, NY","Unites States_Nassau, FL",Unites States_Nebraska,Unites States_Nevada,"Unites States_New Castle, DE",Unites States_New Hampshire,Unites States_New Jersey,Unites States_New Mexico,Unites States_New York,"Unites States_New York County, NY","Unites States_Noble, IN","Unites States_Norfolk County, MA","Unites States_Norfolk, VA",Unites States_North Carolina,Unites States_North Dakota,"Unites States_Oakland, MI",Unites States_Ohio,"Unites States_Okaloosa County, FL",Unites States_Oklahoma,"Unites States_Olmsted, MN","Unites States_Orange County, CA",Unites States_Oregon,"Unites States_Orleans, LA","Unites States_Pasco, FL","Unites States_Passaic, NJ","Unites States_Pennington, SD",Unites States_Pennsylvania,"Unites States_Philadelphia, PA","Unites States_Pierce County, WA","Unites States_Pierce, WI","Unites States_Pima, AZ","Unites States_Pinal County, AZ","Unites States_Pinellas, FL","Unites States_Placer County, CA","Unites States_Polk County, GA","Unites States_Polk, OR","Unites States_Pottawattamie, IA","Unites States_Prince George's, MD","Unites States_Providence County, RI","Unites States_Ramsey County, MN",Unites States_Rhode Island,"Unites States_Riverside County, CA","Unites States_Rockingham County, NH","Unites States_Rockland County, NY","Unites States_Sacramento County, CA","Unites States_San Benito, CA","Unites States_San Diego County, CA","Unites States_San Francisco County, CA","Unites States_San Joaquin, CA","Unites States_San Mateo, CA","Unites States_Santa Clara County, CA","Unites States_Santa Cruz, CA","Unites States_Santa Rosa County, FL","Unites States_Saratoga County, NY","Unites States_Shasta County, CA","Unites States_Shelby County, TN","Unites States_Skagit, WA","Unites States_Snohomish County, WA","Unites States_Socorro, NM","Unites States_Solano, CA","Unites States_Sonoma County, CA",Unites States_South Carolina,Unites States_South Dakota,"Unites States_Spartanburg County, SC","Unites States_Spotsylvania, VA","Unites States_St. Joseph, IN","Unites States_St. Louis County, MO","Unites States_Stanislaus, CA","Unites States_Stark, OH","Unites States_Suffolk County, MA","Unites States_Suffolk County, NY","Unites States_Sullivan, TN","Unites States_Summit County, CO","Unites States_Summit, UT","Unites States_Tarrant, TX",Unites States_Tennessee,Unites States_Texas,"Unites States_Thurston, WA","Unites States_Tulsa County, OK","Unites States_Ulster County, NY","Unites States_Umatilla, OR","Unites States_Union, NJ",Unites States_Utah,"Unites States_Ventura, CA",Unites States_Vermont,Unites States_Virginia,"Unites States_Volusia County, FL","Unites States_Wake County, NC",Unites States_Washington,"Unites States_Washington County, OR","Unites States_Washington, D.C.","Unites States_Washoe County, NV","Unites States_Wayne County, PA","Unites States_Wayne, MI","Unites States_Weber, UT",Unites States_West Virginia,"Unites States_Westchester County, NY","Unites States_Whatcom, WA","Unites States_Williamson County, TN",Unites States_Wisconsin,"Unites States_Worcester, MA",Unites States_Wyoming,"Unites States_Yolo County, CA",Vietnam_nan
0,2020-01-22,0,0,0,0,0,0,0,0,0,0,0,0,0,0,0,0,0,0,0,0,0,0,0,0,0,0,0,0,0,0,0,0,0,0,0,1,14,6,1,0,26,2,1,4,1,0,5,0,444,4,0,1,2,0,2,1,1,0,0,2,9,1,5,4,0,0,1,10,0,0,0,0,0,0,0,0,0,0,0,0,0,0,0,0,0,0,0,0,0,0,0,0,0,0,0,0,0,0,0,0,0,0,0,0,2,0,1,0,0,0,0,0,0,0,0,0,0,0,0,0,0,0,0,0,0,0,0,0,0,0,0,0,0,0,0,0,0,0,0,0,0,0,0,0,0,0,0,0,0,0,0,0,1,2,0,0,0,0,0,0,0,0,0,0,0,0,0,0,0,0,0,0,0,0,0,0,0,0,0,0,0,0,0,0,0,0,0,0,0,0,0,0,0,0,0,0,0,0,0,0,0,0,0,0,0,0,0,0,0,0,0,0,0,0,0,0,0,0,0,0,0,0,0,0,0,0,0,0,0,0,0,0,0,0,0,0,0,0,0,0,0,0,0,0,0,0,0,0,0,0,0,0,0,0,0,0,0,0,0,0,0,0,0,0,1,0,0,0,0,0,0,0,0,0,0,0,0,0,0,0,0,0,0,0,0,0,0,0,0,0,0,0,0,0,0,0,0,0,0,0,0,0,0,0,0,0,0,0,0,0,0,0,0,0,0,0,0,0,0,0,0,0,0,0,0,0,0,0,0,0,0,0,0,0,0,0,0,0,0,0,0,0,0,0,0,0,0,0,0,0,0,0,0,0,0,0,0,0,0,0,0,0,0,0,0,0,0,0,0,0,0,0,0,0,0,0,0,0,0,0,0,0,0,0,0,0,0,0,0,0,0,0,0,0,0,0,0,0,0,0,0,0,0,0,0,0
1,2020-01-23,0,0,0,0,0,0,0,0,0,0,0,0,0,0,0,0,0,0,0,0,0,0,0,0,0,0,0,0,0,0,0,0,0,0,0,9,22,9,5,2,32,5,3,5,1,2,5,2,444,9,0,5,7,1,3,2,1,0,3,6,16,1,8,4,0,2,2,27,0,0,0,0,0,0,0,0,0,0,0,0,0,0,0,0,0,0,0,0,0,0,0,0,0,0,0,0,0,0,0,0,0,0,0,0,1,0,1,0,0,0,0,0,0,0,0,0,0,0,0,0,0,0,0,0,0,0,0,0,0,0,0,0,0,0,0,0,0,0,0,0,0,0,0,0,1,0,0,0,0,0,0,0,1,3,0,0,0,0,0,0,0,0,0,0,0,0,0,0,0,0,0,0,0,0,0,0,0,0,0,0,0,0,0,0,0,0,0,0,0,0,0,0,0,0,0,0,0,0,0,0,0,0,0,0,0,0,0,0,0,0,0,0,0,0,0,0,0,0,0,0,0,0,0,0,0,0,0,0,0,0,0,0,0,0,0,0,0,0,0,0,0,0,0,0,0,0,0,0,0,0,0,0,0,0,0,0,0,0,0,0,0,0,0,0,1,0,0,0,0,0,0,0,0,0,0,0,0,0,0,0,0,0,0,0,0,0,0,0,0,0,0,0,0,0,0,0,0,0,0,0,0,0,0,0,0,0,0,0,0,0,0,0,0,0,0,0,0,0,0,0,0,0,0,0,0,0,0,0,0,0,0,0,0,0,0,0,0,0,0,0,0,0,0,0,0,0,0,0,0,0,0,0,0,0,0,0,0,0,0,0,0,0,0,0,0,0,0,0,0,0,0,0,0,0,0,0,0,0,0,0,0,0,0,0,0,0,0,0,0,0,0,0,0,0,0,0,0,0,0,0,0,0,0,0,0,2
2,2020-01-24,0,0,0,0,0,0,0,0,0,0,0,0,0,0,0,0,0,0,0,0,0,0,0,0,0,0,0,0,0,0,0,0,0,0,0,15,36,27,10,2,53,23,3,8,2,4,9,2,549,24,1,9,18,3,4,2,2,0,5,15,20,1,15,8,0,2,5,43,0,0,0,0,0,0,0,0,0,0,0,0,0,0,0,0,2,0,0,0,0,0,0,0,0,0,0,0,0,0,0,0,0,0,0,0,2,0,2,0,0,0,0,0,0,0,0,0,0,0,0,0,0,0,0,0,0,0,0,0,0,0,0,0,0,0,0,0,0,0,0,0,0,0,0,0,3,0,0,0,0,0,0,0,3,5,0,0,0,0,0,0,0,0,0,0,0,0,0,0,0,0,0,0,0,0,0,0,0,0,0,0,0,0,0,0,0,0,0,0,0,0,0,0,0,0,0,0,0,0,0,0,1,0,0,0,0,0,0,0,0,0,0,0,0,0,0,0,0,0,0,0,0,0,0,0,0,0,0,0,0,0,0,0,0,0,0,0,0,0,0,0,0,0,0,0,0,0,0,0,0,0,0,0,0,0,0,0,0,0,0,0,0,0,0,0,1,0,0,0,0,0,0,0,0,0,0,0,0,0,0,0,0,0,0,0,0,0,0,0,0,0,0,0,0,0,0,0,0,0,0,0,0,0,0,0,0,0,0,0,0,0,0,0,0,0,0,0,0,0,0,0,0,0,0,0,0,0,0,0,0,0,0,0,0,0,0,0,0,0,0,0,0,0,0,0,0,0,0,0,0,0,0,0,0,0,0,0,0,0,0,0,0,0,0,0,0,0,0,0,0,0,0,0,0,0,0,0,0,0,0,0,0,0,0,0,0,0,0,0,0,0,0,0,0,0,0,0,0,0,0,0,0,0,0,0,0,2
3,2020-01-25,0,0,0,0,0,0,0,0,0,0,0,0,0,0,0,0,0,0,0,0,0,0,0,0,0,0,0,0,0,0,0,0,0,0,0,39,41,57,18,4,78,23,4,19,8,9,32,5,761,43,7,18,18,4,17,2,3,1,15,27,33,6,28,10,0,3,11,62,0,0,0,0,0,0,0,0,0,0,0,0,0,0,0,0,3,0,0,0,0,0,0,0,0,0,0,0,0,0,0,0,0,0,0,0,2,0,2,0,0,0,0,0,0,3,0,0,0,0,0,0,0,0,1,0,0,0,0,0,0,0,0,0,0,0,0,0,0,0,0,0,0,0,0,0,3,0,0,0,0,0,0,0,3,7,0,0,0,0,0,0,0,0,0,0,0,0,0,0,0,0,0,0,0,0,0,0,0,0,0,0,0,0,0,0,0,0,0,0,0,0,0,0,0,0,0,0,0,0,0,0,1,0,0,0,0,0,0,0,0,0,0,0,0,0,0,0,0,0,0,0,0,0,0,0,0,0,0,0,0,0,0,0,0,0,0,0,0,0,0,0,0,0,0,0,0,0,0,0,0,0,0,0,0,0,0,0,0,0,0,0,0,0,0,0,1,0,0,0,0,0,0,0,0,0,0,0,0,0,0,0,0,0,0,0,0,0,0,0,0,0,0,0,0,0,0,0,0,0,0,0,0,0,0,0,0,0,0,0,0,0,0,0,0,0,0,0,0,0,0,0,0,0,0,0,0,0,0,0,0,0,0,0,0,0,0,0,0,0,0,0,0,0,0,0,0,0,0,0,0,0,0,0,0,0,0,0,0,0,0,0,0,0,0,0,0,0,0,0,0,0,0,0,0,0,0,0,0,0,0,0,0,0,0,0,0,0,0,0,0,0,0,0,0,0,0,0,0,0,0,0,0,0,0,0,0,2
4,2020-01-26,0,0,0,0,0,0,0,3,0,0,0,0,1,0,0,0,0,0,0,0,0,0,0,0,0,0,0,0,0,0,0,0,1,0,0,60,68,75,35,7,111,36,5,22,13,15,83,8,1058,69,7,33,36,4,21,5,4,1,22,46,40,9,44,14,0,4,16,104,0,0,0,0,0,0,0,0,0,0,0,0,0,0,0,0,3,0,0,0,0,0,0,0,0,0,0,0,0,0,0,0,0,0,0,0,4,0,3,0,0,0,0,0,0,4,0,0,0,0,0,0,0,0,1,0,0,0,0,0,0,0,0,0,0,0,0,0,0,0,0,0,0,0,0,0,4,0,0,0,0,0,0,0,4,8,0,0,0,0,0,0,0,0,0,0,0,0,0,0,0,0,0,0,0,0,0,0,0,0,0,0,0,0,0,0,0,0,0,0,0,0,0,0,0,0,0,0,0,0,0,0,1,0,0,0,0,0,0,0,0,0,0,0,0,0,0,0,0,0,0,0,0,0,0,0,0,0,0,0,0,0,0,0,0,0,0,0,0,0,0,0,0,0,0,0,0,0,0,0,0,0,0,0,0,0,0,0,0,0,0,0,0,0,0,0,1,0,0,0,0,0,0,0,0,0,1,0,0,0,0,0,1,0,0,0,0,0,0,0,0,0,0,0,0,0,0,0,0,0,0,0,0,0,0,0,0,0,0,0,0,0,0,0,0,0,0,0,0,0,0,0,0,0,1,0,0,0,0,0,0,0,0,0,0,0,0,0,0,0,0,0,0,0,0,0,0,0,0,0,0,0,0,0,0,0,0,0,0,0,0,0,0,0,0,0,0,0,0,0,0,0,0,0,0,0,0,0,0,0,0,0,0,0,0,0,0,0,0,0,0,0,0,0,0,0,0,0,0,0,0,0,0,0,0,0,0,2
5,2020-01-27,0,0,0,0,0,0,0,4,0,0,0,0,1,0,0,0,0,0,0,0,0,0,0,0,0,0,0,1,0,0,0,0,1,0,0,70,80,110,59,14,151,46,7,33,18,21,128,8,1423,100,11,47,72,6,27,6,7,6,35,75,53,13,69,23,0,5,26,128,0,0,0,0,0,0,0,0,0,0,0,0,0,0,0,0,3,0,0,0,0,1,0,0,0,0,0,0,0,0,0,0,0,0,0,0,4,0,4,0,0,0,0,0,0,4,0,0,0,0,0,0,0,0,1,0,0,0,0,0,0,0,0,0,0,0,0,0,0,0,0,0,0,0,0,0,5,0,0,0,0,1,0,0,5,8,0,0,0,0,0,0,0,0,0,0,0,0,0,0,0,0,0,0,0,0,0,0,0,0,0,0,0,0,0,0,0,0,0,0,0,0,0,0,0,0,0,0,0,0,0,0,1,0,0,0,0,0,0,0,0,0,0,0,0,0,0,0,0,0,0,0,0,0,0,0,0,0,0,0,0,0,0,0,0,0,0,0,0,0,0,0,0,0,0,0,0,0,0,0,0,0,0,0,0,0,0,0,0,0,0,0,0,0,0,0,1,0,0,0,0,0,0,0,0,0,1,0,0,0,0,0,1,0,0,0,0,0,0,0,0,0,0,0,0,0,0,0,0,0,0,0,0,0,0,0,0,0,0,0,0,0,0,0,0,0,0,0,0,0,0,0,0,0,1,0,0,0,0,0,0,0,0,0,0,0,0,0,0,0,0,0,0,0,0,0,0,0,0,0,0,0,0,0,0,0,0,0,0,0,0,0,0,0,0,0,0,0,0,0,0,0,0,0,0,0,0,0,0,0,0,0,0,0,0,0,0,0,0,0,0,0,0,0,0,0,0,0,0,0,0,0,0,0,0,0,0,2
6,2020-01-28,0,0,0,0,0,0,0,4,0,0,0,0,1,0,0,0,0,0,0,0,0,0,0,0,0,0,0,1,0,0,1,0,1,0,0,106,91,132,80,19,207,51,9,40,33,33,168,8,3554,143,15,70,109,8,34,7,11,6,46,95,66,27,90,24,0,10,44,173,0,0,0,0,0,0,0,0,0,0,0,0,0,0,0,0,4,0,0,0,0,4,0,0,0,0,0,0,0,0,0,0,0,0,0,0,7,0,4,0,0,0,0,0,0,4,0,0,0,0,0,0,0,0,1,0,0,0,0,0,0,0,0,0,0,0,0,0,0,0,0,0,0,0,0,0,7,0,0,0,0,1,0,0,8,14,0,0,0,0,0,0,0,0,0,0,0,0,0,0,0,0,0,0,0,0,0,0,0,0,0,0,0,0,0,0,0,0,0,0,0,0,0,0,0,0,0,0,0,0,0,0,1,0,0,0,0,0,0,0,0,0,0,0,0,0,0,0,0,0,0,0,0,0,0,0,0,0,0,0,0,0,0,0,0,0,0,0,0,0,0,0,0,0,0,0,0,0,0,0,0,0,0,0,0,0,0,0,0,0,0,0,0,0,0,0,1,0,0,0,0,0,0,0,0,0,1,0,0,0,0,0,1,0,0,0,0,0,0,0,0,0,0,0,0,0,0,0,0,0,0,0,0,0,0,0,0,0,0,0,0,0,0,0,0,0,0,0,0,0,0,0,0,0,1,0,0,0,0,0,0,0,0,0,0,0,0,0,0,0,0,0,0,0,0,0,0,0,0,0,0,0,0,0,0,0,0,0,0,0,0,0,0,0,0,0,0,0,0,0,0,0,0,0,0,0,0,0,0,0,0,0,0,0,0,0,0,0,0,0,0,0,0,0,0,0,0,0,0,0,0,0,0,0,0,0,0,2
7,2020-01-29,0,0,0,0,0,0,0,4,0,1,0,0,1,0,0,0,0,0,0,0,0,0,0,0,0,0,0,1,0,0,1,0,1,0,0,152,111,147,84,24,277,58,9,43,48,38,206,10,3554,221,16,99,109,9,39,7,12,6,56,130,96,27,108,27,0,13,55,296,0,0,0,0,0,0,0,0,0,0,0,0,0,0,0,1,5,0,0,0,0,4,0,0,0,0,0,0,0,0,0,0,0,0,0,0,7,0,4,0,0,0,0,0,0,7,0,0,0,0,0,0,0,0,1,0,0,0,0,0,0,0,0,0,0,0,0,0,0,0,0,0,0,0,0,0,7,0,0,0,0,1,0,0,8,14,0,0,0,0,4,0,0,0,0,0,0,0,0,0,0,0,0,0,0,0,0,0,0,0,0,0,0,0,0,0,0,0,0,0,0,0,0,0,0,0,0,0,0,0,0,0,1,0,0,0,0,0,0,0,0,0,0,0,0,0,0,0,0,0,0,0,0,0,0,0,0,0,0,0,0,0,0,0,0,0,0,0,0,0,0,0,0,0,0,0,0,0,0,0,0,0,0,0,0,0,0,0,0,0,0,0,0,0,0,0,1,0,0,0,0,0,0,0,0,0,1,0,0,0,0,0,1,0,0,0,0,0,0,0,0,0,0,0,0,0,0,0,0,0,0,0,0,0,0,0,0,0,0,0,0,0,0,0,0,0,0,0,0,0,0,0,0,0,1,0,0,0,0,0,0,0,0,0,0,0,0,0,0,0,0,0,0,0,0,0,0,0,0,0,0,0,0,0,0,0,0,0,0,0,0,0,0,0,0,0,0,0,0,0,0,0,0,0,0,0,0,0,0,0,0,0,0,0,0,0,0,0,0,0,0,0,0,0,0,0,0,0,0,0,0,0,0,0,0,0,0,2
8,2020-01-30,0,0,0,0,0,0,0,4,0,3,0,0,2,0,0,0,0,0,0,0,0,0,0,0,0,0,0,1,0,0,1,0,1,0,0,200,114,182,101,26,354,78,12,46,65,44,278,10,4903,277,19,129,162,14,41,7,17,8,63,158,112,35,142,31,1,14,70,428,0,0,0,0,0,0,0,0,0,0,0,0,0,0,0,1,5,0,0,0,0,4,0,0,0,0,0,0,1,0,0,0,0,0,0,0,11,0,4,0,0,0,0,0,0,8,0,0,0,0,0,0,0,0,1,0,0,0,0,0,0,0,0,0,0,1,0,0,0,0,0,0,0,0,0,0,10,0,0,0,0,1,0,0,9,14,0,0,0,0,4,0,0,0,0,0,0,0,0,0,0,0,0,0,0,0,0,0,0,0,0,0,0,0,0,0,0,0,0,0,0,0,0,0,0,0,0,0,0,0,0,0,1,0,0,0,0,0,0,0,0,0,0,0,0,0,0,0,0,0,0,0,0,0,0,0,0,0,0,0,0,0,0,0,0,0,0,0,0,0,0,0,0,0,0,0,0,0,0,0,0,0,0,0,0,0,0,0,0,0,0,0,0,0,0,0,1,0,0,0,0,0,0,0,0,0,1,0,0,0,0,0,1,0,0,0,0,0,0,0,0,0,0,0,0,0,0,0,0,0,0,0,0,0,0,0,0,0,0,0,0,0,0,0,0,0,0,0,0,0,0,0,0,0,1,0,0,0,0,0,0,0,0,0,0,0,0,0,0,0,0,0,0,0,0,0,0,0,0,0,0,0,0,0,0,0,0,0,0,0,0,0,0,0,0,0,0,0,0,0,0,0,0,0,0,0,0,0,0,0,0,0,0,0,0,0,0,0,0,0,0,0,0,0,0,0,0,0,0,0,0,0,0,0,0,0,0,2
9,2020-01-31,0,0,0,0,0,0,0,4,0,2,0,0,3,0,0,0,0,0,0,0,0,0,0,0,0,0,0,1,0,0,1,0,3,0,0,237,139,211,120,29,436,87,29,52,82,59,352,12,5806,332,20,168,240,14,48,7,21,8,87,184,135,39,177,32,1,17,83,538,0,0,0,0,0,0,0,0,0,0,0,0,0,0,0,1,5,0,0,0,0,5,0,0,0,0,0,0,1,0,0,0,0,0,2,0,15,0,11,0,0,0,0,0,0,8,0,0,0,0,0,0,0,0,1,0,0,0,0,0,0,0,0,0,0,1,0,0,0,0,0,2,0,0,0,0,13,0,0,0,0,1,1,0,10,19,0,0,0,0,4,0,0,2,0,0,0,0,0,0,0,0,0,0,0,0,0,0,0,0,0,0,0,0,0,0,0,0,0,0,0,0,0,0,0,0,0,0,0,0,0,0,2,0,0,0,0,0,0,0,0,0,0,0,0,0,0,0,0,0,0,0,0,0,0,0,0,0,0,0,0,0,0,0,0,0,0,0,0,0,0,0,0,0,0,0,0,0,0,0,0,0,0,0,0,0,0,0,0,0,0,0,0,0,0,0,1,0,0,0,0,0,0,0,0,0,1,0,0,0,0,0,1,0,0,0,0,0,0,0,0,0,0,0,0,0,0,0,0,0,0,0,0,0,0,0,0,0,0,0,0,0,0,0,0,0,0,0,0,0,0,0,0,0,1,0,0,0,0,0,0,0,0,0,0,0,0,0,0,0,0,0,0,0,0,0,0,0,0,0,0,0,0,0,1,0,0,0,0,0,0,0,0,0,0,0,0,0,0,0,0,0,0,0,0,0,0,0,0,0,0,0,0,0,0,0,0,0,0,0,0,0,0,0,0,0,0,0,0,0,0,0,0,0,0,0,0,2
10,2020-02-01,0,0,0,0,0,0,0,4,0,3,1,0,4,0,0,0,0,0,0,0,0,0,0,0,0,0,0,1,0,0,1,0,3,0,0,297,168,247,144,40,535,100,29,62,96,80,422,13,7153,389,23,202,286,17,64,7,26,9,101,206,169,47,207,41,1,18,93,599,0,0,0,0,0,0,0,0,0,0,0,0,0,0,0,1,6,0,0,0,0,8,0,0,0,0,0,0,1,0,0,0,0,0,2,0,20,0,12,0,0,0,0,0,0,8,0,0,0,0,0,0,0,0,1,0,0,0,0,0,0,0,0,0,0,1,0,0,0,0,0,2,0,0,0,0,16,0,0,0,1,1,1,0,10,19,0,0,0,0,4,0,0,2,0,0,0,0,0,0,0,0,0,0,0,0,0,0,0,0,0,0,0,0,0,0,0,0,0,0,0,0,0,0,0,0,0,0,0,0,0,0,2,0,0,0,0,0,0,0,0,0,0,0,0,0,0,0,0,0,0,0,0,0,0,0,0,0,0,0,0,0,0,0,0,0,0,0,0,0,0,0,0,0,0,0,0,0,0,0,0,0,0,0,0,0,0,0,0,0,0,0,0,0,0,0,1,0,0,0,0,0,0,0,0,0,1,0,0,0,0,0,1,0,0,0,0,0,0,0,0,0,0,0,0,0,0,0,0,0,0,0,0,0,0,0,0,0,0,0,0,0,0,0,0,0,0,0,0,0,0,0,0,0,1,0,0,0,0,0,0,0,0,0,0,0,0,0,0,0,0,0,0,0,0,0,0,0,0,0,0,0,0,0,1,0,0,0,0,0,0,0,0,0,0,0,0,0,0,0,0,0,0,1,0,0,0,0,0,0,0,0,0,0,0,0,0,0,0,0,0,0,0,0,0,0,0,0,0,0,0,0,0,0,0,0,0,6
11,2020-02-02,0,0,0,0,0,0,0,4,0,2,2,0,4,0,0,0,0,0,0,0,0,0,0,0,0,0,0,1,0,0,1,0,3,0,0,340,191,300,159,51,632,111,38,64,104,95,493,15,11177,463,27,236,333,23,70,8,28,11,116,230,182,66,231,48,1,21,105,661,0,0,0,0,0,0,0,0,0,0,0,0,0,0,0,1,6,0,0,0,0,10,0,0,0,0,0,0,2,0,0,0,0,0,2,0,20,0,15,0,0,0,0,0,0,8,0,0,0,0,0,0,0,0,1,0,0,0,0,0,0,0,0,0,0,2,0,0,0,0,0,2,0,0,0,0,18,0,0,0,1,1,1,0,10,19,0,0,0,0,5,0,0,2,0,0,0,0,0,0,0,0,0,0,0,0,0,0,0,0,0,0,0,0,0,0,0,0,0,0,0,0,0,0,0,0,0,0,0,0,0,0,2,0,0,0,0,0,0,0,0,0,0,0,0,0,0,0,0,0,0,0,0,0,0,0,0,0,0,0,0,0,0,0,0,0,0,0,0,0,0,0,0,0,0,0,0,0,0,0,0,0,0,0,0,0,0,0,0,0,0,0,0,0,0,0,1,0,0,0,0,0,0,0,0,0,1,0,0,0,0,0,1,0,0,0,0,0,0,0,0,0,0,0,0,0,0,0,0,0,0,0,0,0,0,0,0,0,0,0,0,0,0,0,0,0,0,0,0,0,0,0,0,0,1,0,0,0,0,0,0,0,0,0,0,0,0,0,0,0,0,0,0,0,0,0,0,0,0,0,0,0,0,0,1,0,0,0,0,0,0,0,0,0,0,0,0,0,0,0,0,0,0,1,0,0,0,0,0,0,0,0,0,0,0,0,0,0,0,0,0,0,0,0,0,0,0,0,0,0,0,0,0,0,0,0,0,6
12,2020-02-03,0,0,0,0,0,0,0,4,0,2,2,0,4,0,0,0,0,0,0,0,0,0,0,0,0,0,0,1,0,0,1,0,3,0,0,408,212,337,179,55,725,127,46,72,113,121,566,15,13522,521,34,271,391,31,74,8,31,13,128,259,203,74,254,60,1,24,117,724,0,0,0,0,0,0,0,0,0,0,0,0,0,0,0,1,6,0,0,0,0,12,0,0,0,0,0,0,3,0,0,0,0,0,2,0,20,0,15,0,0,0,0,0,0,8,0,0,0,0,0,0,0,0,1,0,0,0,0,0,0,0,0,0,0,2,0,0,0,0,0,2,0,0,0,0,18,0,0,0,1,1,1,0,10,19,0,0,0,0,5,0,0,2,0,0,0,0,0,0,0,0,0,0,0,0,0,0,0,0,0,0,0,0,0,0,0,0,0,0,0,0,0,0,0,0,0,0,0,0,0,0,2,0,0,0,0,0,0,0,0,0,0,0,0,0,0,0,0,0,0,0,0,0,0,0,0,0,0,0,0,0,0,0,0,0,0,0,0,0,0,0,0,0,0,0,0,0,0,0,0,0,0,0,0,0,0,0,0,0,0,0,0,0,0,0,1,0,0,0,0,0,0,0,0,0,1,0,0,0,0,0,1,0,0,0,0,0,0,0,0,0,0,0,0,0,0,0,0,0,0,0,0,0,0,0,0,0,0,0,0,0,0,0,0,0,0,0,0,0,0,0,0,0,1,0,0,0,0,0,0,0,0,0,0,0,0,0,0,0,0,0,0,0,0,0,0,0,0,2,0,0,0,0,2,0,0,0,0,0,0,0,0,0,0,0,0,0,0,0,0,0,0,1,0,0,0,0,0,0,0,0,0,0,0,0,0,0,0,0,0,0,0,0,0,0,0,0,0,0,0,0,0,0,0,0,0,8
13,2020-02-04,0,0,0,0,0,0,0,4,0,3,2,0,4,0,0,0,0,0,0,1,0,0,0,0,0,0,0,1,0,0,1,0,3,0,0,480,228,366,194,57,813,139,58,80,126,155,675,17,16678,593,35,308,476,42,81,10,34,15,142,275,219,81,282,67,1,29,122,829,0,0,0,0,0,0,0,0,0,0,0,0,0,0,0,1,6,0,0,0,0,12,0,0,0,0,0,0,3,0,0,0,0,0,2,0,22,0,16,0,0,0,0,0,0,10,0,0,0,0,0,0,0,0,1,0,0,0,0,0,0,0,0,0,0,2,0,0,0,0,0,2,0,0,0,0,24,0,0,0,1,1,1,0,11,25,0,0,0,0,5,0,0,2,0,0,0,0,0,0,0,0,0,0,0,0,0,0,0,0,0,0,0,0,0,0,0,0,0,0,0,0,0,0,0,0,0,0,0,0,0,0,2,0,0,0,0,0,0,0,0,0,0,0,0,0,0,0,0,0,0,0,0,0,0,0,0,0,0,0,0,0,0,0,0,0,0,0,0,0,0,0,0,0,0,0,0,0,0,0,0,0,0,0,0,0,0,0,0,0,0,0,0,0,0,0,1,0,0,0,0,0,0,0,0,0,1,0,0,0,0,0,1,0,0,0,0,0,0,0,0,0,0,0,0,0,0,0,0,0,0,0,0,0,0,0,0,0,0,0,0,0,0,0,0,0,0,0,0,0,0,0,0,0,1,0,0,0,0,0,0,0,0,0,0,0,0,0,0,0,0,0,0,0,0,0,0,0,0,2,0,0,0,0,2,0,0,0,0,0,0,0,0,0,0,0,0,0,0,0,0,0,0,1,0,0,0,0,0,0,0,0,0,0,0,0,0,0,0,0,0,0,0,0,0,0,0,0,0,0,0,0,0,0,0,0,0,8
14,2020-02-05,0,0,0,0,0,0,0,4,0,3,2,0,4,0,0,0,0,0,0,1,0,0,0,0,0,0,0,1,0,0,2,0,3,0,0,530,253,389,205,62,895,150,64,99,135,190,764,21,19665,661,42,341,548,54,89,10,34,17,165,307,243,81,301,69,1,32,128,895,0,0,0,0,0,0,0,0,0,0,0,0,0,0,0,1,6,0,0,0,0,12,0,0,0,0,0,0,3,0,0,0,0,0,2,0,22,0,19,0,0,0,0,0,0,12,0,0,0,0,0,0,0,0,1,0,0,0,0,0,0,0,0,0,0,2,0,0,0,0,0,2,0,0,0,0,28,0,0,0,1,1,1,0,11,25,0,0,0,0,5,0,0,2,0,0,0,0,0,0,0,0,0,0,0,0,0,0,0,0,0,0,0,0,0,0,0,0,0,0,0,0,0,0,0,0,0,0,0,0,0,0,2,0,0,0,0,0,0,0,0,0,0,0,0,0,0,0,0,0,0,0,0,0,0,0,0,0,0,0,0,0,0,0,0,0,0,0,0,0,0,0,0,0,0,0,0,0,0,0,0,0,0,0,0,0,0,0,0,0,0,0,0,0,0,0,1,0,0,0,0,0,0,0,0,0,1,0,0,0,0,0,1,0,0,0,0,0,0,0,0,0,0,0,0,0,0,0,0,0,0,0,0,0,0,0,0,0,0,0,0,0,0,0,0,0,0,0,0,0,0,0,0,0,1,0,0,0,0,0,0,0,0,0,0,0,0,0,0,0,0,0,0,0,0,0,0,0,0,2,0,0,0,0,2,0,0,0,0,0,0,0,0,0,0,0,0,0,0,0,0,0,0,1,0,0,0,0,0,0,0,0,0,0,0,0,0,0,0,0,0,0,0,0,0,0,0,0,0,0,0,0,0,0,0,0,0,8
15,2020-02-06,0,0,0,0,0,0,0,4,0,4,2,0,4,0,0,0,0,0,0,1,0,0,0,0,0,0,0,1,0,0,2,0,3,0,0,591,274,411,215,62,970,168,71,106,157,227,851,24,22112,711,46,373,600,59,94,10,40,18,173,347,257,96,321,79,1,36,133,954,0,0,0,0,0,0,0,0,0,0,0,0,0,0,0,1,6,0,0,0,0,12,0,0,0,0,0,0,3,0,0,0,0,0,2,0,45,0,23,0,0,0,0,0,0,12,0,0,0,0,0,0,0,0,1,0,0,0,0,0,0,0,0,0,0,2,0,0,0,0,0,2,0,0,0,0,28,0,0,0,1,1,1,0,16,25,0,0,0,0,5,0,0,2,0,0,0,0,0,0,0,0,0,0,0,0,0,0,0,0,0,0,0,0,0,0,0,0,0,0,0,0,0,0,0,0,0,0,0,0,0,0,2,0,0,0,0,0,0,0,0,0,0,0,0,0,0,0,0,0,0,0,0,0,0,0,0,0,0,0,0,0,0,0,0,0,0,0,0,0,0,0,0,0,0,0,0,0,0,0,0,0,0,0,0,0,0,0,0,0,0,0,0,0,0,0,1,0,0,0,0,0,0,0,0,0,1,0,0,0,0,0,1,0,0,0,0,0,0,0,0,0,0,0,0,0,0,0,0,0,0,0,0,0,0,0,0,0,0,0,0,0,0,0,0,0,0,0,0,0,0,0,0,0,1,0,0,0,0,0,0,0,0,0,0,0,0,0,0,0,0,0,0,0,0,0,0,0,0,2,0,0,0,0,2,0,0,0,0,0,0,0,0,0,0,0,0,0,0,0,0,0,0,1,0,0,0,0,0,0,0,0,0,0,0,0,0,0,0,0,0,0,0,0,0,0,0,0,0,0,0,0,0,0,0,0,0,10
16,2020-02-07,0,0,0,0,0,0,0,4,0,5,2,0,4,0,0,0,0,0,0,1,0,0,0,0,0,0,0,1,0,0,4,0,3,0,0,665,297,426,224,67,1034,172,81,117,172,277,914,25,24953,772,50,408,661,65,99,10,43,18,184,386,277,104,344,81,1,39,138,1006,0,0,0,0,0,61,0,0,0,0,0,0,0,0,0,1,6,0,0,0,0,13,0,0,0,0,0,0,3,0,0,0,0,0,3,0,25,0,24,0,0,0,0,0,0,12,0,0,0,0,0,0,0,0,1,0,0,0,0,0,0,0,0,0,0,3,0,0,0,0,0,2,0,0,0,0,30,0,0,0,1,1,1,0,16,25,0,0,0,0,5,0,0,3,0,0,0,0,0,0,0,0,0,0,0,0,0,0,0,0,0,0,0,0,0,0,0,0,0,0,0,0,0,0,0,0,0,0,0,0,0,0,2,0,0,0,0,0,0,0,0,0,0,0,0,0,0,0,0,0,0,0,0,0,0,0,0,0,0,0,0,0,0,0,0,0,0,0,0,0,0,0,0,0,0,0,0,0,0,0,0,0,0,0,0,0,0,0,0,0,0,0,0,0,0,0,1,0,0,0,0,0,0,0,0,0,1,0,0,0,0,0,1,0,0,0,0,0,0,0,0,0,0,0,0,0,0,0,0,0,0,0,0,0,0,0,0,0,0,0,0,0,0,0,0,0,0,0,0,0,0,0,0,0,1,0,0,0,0,0,0,0,0,0,0,0,0,0,0,0,0,0,0,0,0,0,0,0,0,2,0,0,0,0,2,0,0,0,0,0,0,0,0,0,0,0,0,0,0,0,0,0,0,1,0,0,0,0,0,0,0,0,0,0,0,0,0,0,0,0,0,0,0,0,0,0,0,0,0,0,0,0,0,0,0,0,0,10
17,2020-02-08,0,0,0,0,0,0,0,4,0,5,2,0,4,0,0,0,0,0,0,1,0,0,0,0,0,0,0,1,0,0,4,0,3,0,0,733,315,428,239,79,1095,183,89,124,195,295,981,26,27100,803,52,439,698,69,105,10,45,18,195,416,286,115,364,88,1,42,138,1048,0,0,0,0,0,61,0,0,0,0,0,0,0,0,0,1,11,0,0,0,0,13,0,0,0,0,0,0,3,0,0,0,0,0,3,0,25,0,24,0,0,0,0,0,0,16,0,0,0,0,0,0,0,0,1,0,0,0,0,0,0,0,0,0,0,3,0,0,0,0,0,2,0,0,0,0,33,0,0,0,1,1,1,0,17,32,0,0,0,0,7,0,0,3,0,0,0,0,0,0,0,0,0,0,0,0,0,0,0,0,0,0,0,0,0,0,0,0,0,0,0,0,0,0,0,0,0,0,0,0,0,0,2,0,0,0,0,0,0,0,0,0,0,0,0,0,0,0,0,0,0,0,0,0,0,0,0,0,0,0,0,0,0,0,0,0,0,0,0,0,0,0,0,0,0,0,0,0,0,0,0,0,0,0,0,0,0,0,0,0,0,0,0,0,0,0,1,0,0,0,0,0,0,0,0,0,1,0,0,0,0,0,1,0,0,0,0,0,0,0,0,0,0,0,0,0,0,0,0,0,0,0,0,0,0,0,0,0,0,0,0,0,0,0,0,0,0,0,0,0,0,0,0,0,1,0,0,0,0,0,0,0,0,0,0,0,0,0,0,0,0,0,0,0,0,0,0,0,0,2,0,0,0,0,2,0,0,0,0,0,0,0,0,0,0,0,0,0,0,0,0,0,0,1,0,0,0,0,0,0,0,0,0,0,0,0,0,0,0,0,0,0,0,0,0,0,0,0,0,0,0,0,0,0,0,0,0,13
18,2020-02-09,0,0,0,0,0,0,0,4,0,5,2,0,4,0,0,0,0,0,0,1,0,0,0,0,0,0,0,1,0,0,4,0,3,0,0,779,326,468,250,83,1131,195,99,131,206,307,1033,29,29631,838,54,468,740,78,107,10,45,18,208,444,293,119,386,91,1,45,141,1075,0,0,0,0,0,64,0,0,0,0,0,0,0,0,0,1,11,0,0,0,0,14,0,0,0,0,0,0,3,0,0,0,0,0,3,0,26,0,25,0,0,0,0,0,0,16,0,0,0,0,0,0,0,0,1,0,0,0,0,0,0,0,0,0,0,3,0,0,0,0,0,2,0,0,0,0,40,0,0,0,2,1,1,0,18,32,0,0,0,0,7,0,0,3,0,0,0,0,0,0,0,0,0,0,0,0,0,0,0,0,0,0,0,0,0,0,0,0,0,0,0,0,0,0,0,0,0,0,0,0,0,0,2,0,0,0,0,0,0,0,0,0,0,0,0,0,0,0,0,0,0,0,0,0,0,0,0,0,0,0,0,0,0,0,0,0,0,0,0,0,0,0,0,0,0,0,0,0,0,0,0,0,0,0,0,0,0,0,0,0,0,0,0,0,0,0,1,0,0,0,0,0,0,0,0,0,1,0,0,0,0,0,1,0,0,0,0,0,0,0,0,0,0,0,0,0,0,0,0,0,0,0,0,0,0,0,0,0,0,0,0,0,0,0,0,0,0,0,0,0,0,0,0,0,1,0,0,0,0,0,0,0,0,0,0,0,0,0,0,0,0,0,0,0,0,0,0,0,0,2,0,0,0,0,2,0,0,0,0,0,0,0,0,0,0,0,0,0,0,0,0,0,0,1,0,0,0,0,0,0,0,0,0,0,0,0,0,0,0,0,0,0,0,0,0,0,0,0,0,0,0,0,0,0,0,0,0,13
19,2020-02-10,0,0,0,0,0,0,0,4,0,5,2,0,4,0,0,0,0,0,0,1,0,0,0,0,0,0,0,1,0,0,4,0,3,0,0,830,337,486,261,83,1159,210,109,138,218,331,1073,38,31728,879,58,492,771,80,108,10,49,18,213,466,299,119,405,95,1,49,149,1092,0,0,0,0,0,135,0,0,0,0,0,0,0,0,0,1,11,0,0,0,0,14,0,0,0,0,0,0,3,0,0,0,0,0,3,0,26,0,27,0,0,0,0,0,0,18,0,0,0,0,0,0,0,0,1,0,0,0,0,0,0,0,0,0,0,3,0,0,0,0,0,2,0,0,0,0,45,0,0,0,2,1,1,0,18,32,0,0,0,0,8,0,0,8,0,0,0,0,0,0,0,0,0,0,0,0,0,0,0,0,0,0,0,0,0,0,0,0,0,0,0,0,0,0,0,0,0,0,0,0,0,0,2,0,0,0,0,0,0,0,0,0,0,0,0,0,0,0,0,0,0,0,0,0,0,0,0,0,0,0,0,0,0,0,0,0,0,0,0,0,0,0,0,0,0,0,0,0,0,0,0,0,0,0,0,0,0,0,0,0,0,0,0,0,0,0,1,0,0,0,0,0,0,0,0,0,1,0,0,0,0,0,1,0,0,0,0,0,0,0,0,0,0,0,0,0,0,0,0,0,0,0,0,0,0,0,0,0,0,0,0,0,0,0,0,0,0,0,0,0,0,0,0,0,1,0,0,0,0,0,0,0,0,0,0,0,0,0,0,0,0,0,0,0,0,0,0,0,0,2,0,0,0,0,2,0,0,0,0,0,0,0,0,0,0,0,0,0,0,0,0,0,0,1,0,0,0,0,0,0,0,0,0,0,0,0,0,0,0,0,0,0,0,0,0,0,0,0,0,0,0,0,0,0,0,0,0,14
20,2020-02-11,0,0,0,0,0,0,0,4,0,5,2,0,4,0,0,0,0,0,0,1,0,0,0,0,0,0,0,1,0,0,4,0,3,0,0,860,342,505,267,86,1177,215,127,144,239,360,1105,49,33366,912,58,515,804,81,111,10,53,18,219,487,303,124,417,106,1,55,153,1117,0,0,0,0,0,135,0,0,0,0,0,0,0,0,0,1,11,0,0,0,0,16,0,0,0,0,0,0,3,0,0,0,0,0,3,0,26,0,28,0,0,0,0,0,0,18,0,0,0,0,0,0,0,0,1,0,0,0,0,0,0,0,0,0,0,3,0,0,0,0,0,2,0,0,0,0,47,0,0,0,2,1,1,0,18,33,0,0,0,0,8,0,0,8,0,0,0,0,0,0,0,0,0,0,0,0,0,0,0,0,0,0,0,0,0,0,0,0,0,0,0,0,0,0,0,0,0,0,0,0,0,0,2,0,0,0,0,0,0,0,0,0,0,0,0,0,0,0,0,0,0,0,0,0,0,0,0,0,0,0,0,0,0,0,0,0,0,0,0,0,0,0,0,0,0,0,0,0,0,0,0,0,0,0,0,0,0,0,0,0,0,0,0,0,0,0,1,0,0,0,0,0,0,0,0,0,1,0,0,0,0,0,1,0,0,0,0,0,0,0,0,0,0,0,0,0,0,0,0,0,0,0,0,0,0,0,0,0,0,0,0,0,0,0,0,0,0,0,0,0,0,0,0,0,1,0,0,0,0,0,0,0,0,0,0,0,0,0,0,0,0,0,0,0,0,0,0,0,0,2,1,0,0,0,2,0,0,0,0,0,0,0,0,0,0,0,0,0,0,0,0,0,0,1,0,0,0,0,0,0,0,0,0,0,0,0,0,0,0,0,0,0,0,0,0,0,0,0,0,0,0,0,0,0,0,0,0,15
21,2020-02-12,0,0,0,0,0,0,0,4,0,5,2,0,4,0,0,0,0,0,0,1,0,0,0,0,0,0,0,1,0,0,4,0,3,0,0,889,352,518,272,87,1219,222,133,157,251,378,1135,50,33366,946,60,543,844,83,116,10,58,18,225,497,311,126,436,112,1,59,154,1131,0,0,0,0,0,175,0,0,0,0,0,0,0,0,0,1,11,0,0,0,0,16,0,0,0,0,0,0,3,0,0,0,0,0,3,0,28,0,28,0,0,0,0,0,0,18,0,0,0,0,0,0,0,0,1,0,0,0,0,0,0,0,0,0,0,3,0,0,0,0,0,2,0,0,0,0,50,0,0,0,2,1,1,0,18,33,0,0,0,0,8,0,0,9,0,0,0,0,0,0,0,0,0,0,0,0,0,0,0,0,0,0,0,0,0,0,0,0,0,0,0,0,0,0,0,0,0,0,0,0,0,0,2,0,0,0,0,0,0,0,0,0,0,0,0,0,0,0,0,0,0,0,0,0,0,0,0,0,0,0,0,0,0,0,0,0,0,0,0,0,0,0,0,0,0,0,0,0,0,0,0,0,0,0,0,0,0,0,0,0,0,0,0,0,0,0,1,0,0,0,0,0,0,0,0,0,1,0,0,0,0,0,1,0,0,0,0,0,0,0,0,0,0,0,0,0,0,0,0,0,0,0,0,0,0,0,0,0,0,0,0,0,0,0,0,0,0,0,0,0,0,0,0,0,1,0,0,0,0,0,0,0,0,0,0,0,0,0,0,0,0,0,0,0,0,0,0,0,0,2,1,0,0,0,2,0,0,0,0,0,0,0,0,0,0,0,0,0,0,0,0,0,0,1,0,0,0,0,0,0,0,0,0,0,0,0,0,0,0,0,0,0,0,0,0,0,0,0,0,0,0,0,0,0,0,0,0,15
22,2020-02-13,0,0,0,0,0,0,0,4,0,5,2,0,4,0,0,0,0,0,0,1,0,0,0,0,0,0,0,1,0,0,4,0,3,0,0,910,366,529,279,90,1241,222,135,157,265,395,1169,53,48206,968,61,570,872,84,117,10,64,18,229,509,315,126,451,119,1,63,156,1145,0,0,0,0,0,175,0,0,0,0,0,0,0,0,0,1,11,0,0,0,0,16,0,0,0,0,0,0,3,0,0,0,0,0,3,0,28,0,28,0,0,0,0,0,0,19,0,0,0,0,0,0,0,0,1,0,0,0,0,0,0,0,0,0,0,3,0,0,0,0,0,2,0,0,0,0,58,0,0,0,2,1,1,0,18,33,0,0,0,0,8,0,0,9,0,0,0,0,0,0,0,0,0,0,0,0,0,0,0,0,0,0,0,0,0,0,0,0,0,0,0,0,0,0,0,0,0,0,0,0,0,0,2,0,0,0,0,0,0,0,0,0,0,0,0,0,0,0,0,0,0,0,0,0,0,0,0,0,0,0,0,0,0,0,0,0,0,0,0,0,0,0,0,0,0,0,0,0,0,0,0,0,0,0,0,0,0,0,0,0,0,0,0,0,0,0,1,0,0,0,0,0,0,0,0,0,1,0,0,0,0,0,1,0,0,0,0,0,0,0,0,0,0,0,0,0,0,0,0,0,0,0,0,0,0,0,0,0,0,0,0,0,0,0,0,0,0,0,0,0,0,0,0,0,1,0,0,0,0,0,0,0,0,0,0,0,0,0,0,0,0,0,0,0,0,0,0,0,0,2,2,0,0,0,2,0,0,0,0,0,0,0,0,0,0,0,0,0,0,0,0,0,0,1,0,0,0,0,0,0,0,0,0,0,0,0,0,0,0,0,0,0,0,0,0,0,0,0,0,0,0,0,0,0,0,0,0,16
23,2020-02-14,0,0,0,0,0,0,0,4,0,5,2,0,4,0,0,0,0,0,0,1,0,0,0,0,0,0,0,1,0,0,4,0,3,0,0,934,372,537,281,90,1261,226,140,159,283,419,1184,56,54406,988,65,593,900,86,119,10,67,18,230,523,318,127,463,120,1,65,162,1155,0,0,0,0,0,218,0,0,0,0,0,0,0,1,0,1,11,0,0,0,0,16,0,0,0,0,0,0,3,0,0,0,0,0,3,0,29,0,28,0,0,0,0,0,0,19,0,0,0,0,0,0,0,0,1,0,0,0,0,0,0,0,0,0,0,3,0,0,0,0,0,2,0,0,0,0,67,0,0,0,2,1,1,0,18,33,0,0,0,0,8,0,0,9,0,0,0,0,0,0,0,0,0,0,0,0,0,0,0,0,0,0,0,0,0,0,0,0,0,0,0,0,0,0,0,0,0,0,0,0,0,0,2,0,0,0,0,0,0,0,0,0,0,0,0,0,0,0,0,0,0,0,0,0,0,0,0,0,0,0,0,0,0,0,0,0,0,0,0,0,0,0,0,0,0,0,0,0,0,0,0,0,0,0,0,0,0,0,0,0,0,0,0,0,0,0,1,0,0,0,0,0,0,0,0,0,1,0,0,0,0,0,1,0,0,0,0,0,0,0,0,0,0,0,0,0,0,0,0,0,0,0,0,0,0,0,0,0,0,0,0,0,0,0,0,0,0,0,0,0,0,0,0,0,1,0,0,0,0,0,0,0,0,0,0,0,0,0,0,0,0,0,0,0,0,0,0,0,0,2,2,0,0,0,2,0,0,0,0,0,0,0,0,0,0,0,0,0,0,0,0,0,0,1,0,0,0,0,0,0,0,0,0,0,0,0,0,0,0,0,0,0,0,0,0,0,0,0,0,0,0,0,0,0,0,0,0,16
24,2020-02-15,0,0,0,0,0,0,0,4,0,5,2,0,4,0,0,0,0,0,0,1,0,0,0,0,0,0,0,1,0,0,4,0,3,0,0,950,375,544,285,90,1294,235,143,162,291,425,1212,56,56249,1001,68,604,913,88,119,10,70,18,232,532,326,128,470,122,1,70,168,1162,0,0,0,0,0,285,0,0,0,0,0,0,0,1,0,1,12,0,0,0,0,16,0,0,0,0,0,0,3,0,0,0,0,0,3,0,43,0,28,0,0,0,0,0,0,22,0,0,0,0,0,0,0,0,1,0,0,0,0,0,0,0,0,0,0,3,0,0,0,0,0,2,0,0,0,0,72,0,0,0,2,1,1,0,18,33,0,0,0,0,8,0,0,9,0,0,0,0,0,0,0,0,0,0,0,0,0,0,0,0,0,0,0,0,0,0,0,0,0,0,0,0,0,0,0,0,0,0,0,0,0,0,2,0,0,0,0,0,0,0,0,0,0,0,0,0,0,0,0,0,0,0,0,0,0,0,0,0,0,0,0,0,0,0,0,0,0,0,0,0,0,0,0,0,0,0,0,0,0,0,0,0,0,0,0,0,0,0,0,0,0,0,0,0,0,0,1,0,0,0,0,0,0,0,0,0,1,0,0,0,0,0,1,0,0,0,0,0,0,0,0,0,0,0,0,0,0,0,0,0,0,0,0,0,0,0,0,0,0,0,0,0,0,0,0,0,0,0,0,0,0,0,0,0,1,0,0,0,0,0,0,0,0,0,0,0,0,0,0,0,0,0,0,0,0,0,0,0,0,2,2,0,0,0,2,0,0,0,0,0,0,0,0,0,0,0,0,0,0,0,0,0,0,1,0,0,0,0,0,0,0,0,0,0,0,0,0,0,0,0,0,0,0,0,0,0,0,0,0,0,0,0,0,0,0,0,0,16
25,2020-02-16,0,0,0,0,0,0,0,4,0,5,2,0,4,0,0,0,0,0,0,1,0,0,0,0,0,0,0,1,0,0,4,0,3,0,0,962,380,551,287,90,1316,237,144,162,300,445,1231,57,58182,1004,70,617,925,89,121,10,70,18,236,537,328,129,481,124,1,71,171,1167,0,0,0,0,0,355,0,0,0,0,0,0,0,1,0,1,12,0,0,0,0,16,0,0,0,0,0,0,3,0,0,0,0,0,3,0,59,0,29,0,0,0,0,0,0,22,0,0,0,0,0,0,0,0,1,0,0,0,0,0,0,0,0,0,0,3,0,0,0,0,0,2,0,0,0,0,75,0,0,0,2,1,1,0,20,34,0,0,0,0,9,0,0,9,0,0,0,0,0,0,0,0,0,0,0,0,0,0,0,0,0,0,0,0,0,0,0,0,0,0,0,0,0,0,0,0,0,0,0,0,0,0,2,0,0,0,0,0,0,0,0,0,0,0,0,0,0,0,0,0,0,0,0,0,0,0,0,0,0,0,0,0,0,0,0,0,0,0,0,0,0,0,0,0,0,0,0,0,0,0,0,0,0,0,0,0,0,0,0,0,0,0,0,0,0,0,1,0,0,0,0,0,0,0,0,0,1,0,0,0,0,0,1,0,0,0,0,0,0,0,0,0,0,0,0,0,0,0,0,0,0,0,0,0,0,0,0,0,0,0,0,0,0,0,0,0,0,0,0,0,0,0,0,0,1,0,0,0,0,0,0,0,0,0,0,0,0,0,0,0,0,0,0,0,0,0,0,0,0,2,2,0,0,0,2,0,0,0,0,0,0,0,0,0,0,0,0,0,0,0,0,0,0,1,0,0,0,0,0,0,0,0,0,0,0,0,0,0,0,0,0,0,0,0,0,0,0,0,0,0,0,0,0,0,0,0,0,16
26,2020-02-17,0,0,0,0,0,0,0,4,0,5,2,0,4,0,0,0,0,0,0,1,0,0,0,0,0,0,0,1,0,0,5,0,3,0,0,973,381,553,290,91,1322,238,146,163,301,457,1246,60,59989,1006,72,626,930,89,121,10,70,18,240,541,333,130,495,125,1,75,171,1171,0,0,0,0,0,454,0,0,0,0,0,0,0,1,0,1,12,0,0,0,0,16,0,0,0,0,0,0,3,0,0,0,0,0,3,0,66,0,30,0,0,0,0,0,0,22,0,0,0,0,0,0,0,0,1,0,0,0,0,0,0,0,0,0,0,3,0,0,0,0,0,2,0,0,0,0,77,0,0,0,2,1,1,0,22,35,0,0,0,0,9,0,0,9,0,0,0,0,0,0,0,0,0,0,0,0,0,0,0,0,0,0,0,0,0,0,0,0,0,0,0,0,0,0,0,0,0,0,0,0,0,0,2,0,0,0,0,0,0,0,0,0,0,0,0,0,0,0,0,0,0,0,0,0,0,0,0,0,0,0,0,0,0,0,0,0,0,0,0,0,0,0,0,0,0,0,0,0,0,0,0,0,0,0,0,0,0,0,0,0,0,0,0,0,0,0,1,0,0,0,0,0,0,0,0,0,1,0,0,0,0,0,1,0,0,0,0,0,0,0,0,0,0,0,0,0,0,0,0,0,0,0,0,0,0,0,0,0,0,0,0,0,0,0,0,0,0,0,0,0,0,0,0,0,1,0,0,0,0,0,0,0,0,0,0,0,0,0,0,0,0,0,0,0,0,0,0,0,0,2,2,0,0,0,2,0,0,0,0,0,0,0,0,0,0,0,0,0,0,0,0,0,0,1,0,0,0,0,0,0,0,0,0,0,0,0,0,0,0,0,0,0,0,0,0,0,0,0,0,0,0,0,0,0,0,0,0,16
27,2020-02-18,0,0,0,0,0,0,0,4,0,5,2,0,4,0,0,0,0,0,0,1,0,0,0,0,0,0,0,1,0,0,5,0,3,0,0,982,387,555,292,91,1328,242,146,163,306,464,1257,62,61682,1007,73,629,933,89,121,10,70,18,240,543,333,131,508,128,1,76,172,1172,0,0,0,0,0,542,0,0,0,0,0,0,0,1,0,1,12,0,0,0,0,16,0,0,0,0,0,0,3,0,0,0,0,0,3,0,74,0,31,0,0,0,0,0,0,22,0,0,0,0,0,0,0,0,1,0,0,0,0,0,0,0,0,0,0,3,0,0,0,0,0,2,0,0,0,0,81,0,0,0,2,1,1,0,22,35,0,0,0,0,9,0,0,9,0,0,0,0,0,0,0,0,0,0,0,0,0,0,0,0,0,0,0,0,0,0,0,0,0,0,0,0,0,0,0,0,0,0,0,0,0,0,2,0,0,0,0,0,0,0,0,0,0,0,0,0,0,0,0,0,0,0,0,0,0,0,0,0,0,0,0,0,0,0,0,0,0,0,0,0,0,0,0,0,0,0,0,0,0,0,0,0,0,0,0,0,0,0,0,0,0,0,0,0,0,0,1,0,0,0,0,0,0,0,0,0,1,0,0,0,0,0,1,0,0,0,0,0,0,0,0,0,0,0,0,0,0,0,0,0,0,0,0,0,0,0,0,0,0,0,0,0,0,0,0,0,0,0,0,0,0,0,0,0,1,0,0,0,0,0,0,0,0,0,0,0,0,0,0,0,0,0,0,0,0,0,0,0,0,2,2,0,0,0,2,0,0,0,0,0,0,0,0,0,0,0,0,0,0,0,0,0,0,1,0,0,0,0,0,0,0,0,0,0,0,0,0,0,0,0,0,0,0,0,0,0,0,0,0,0,0,0,0,0,0,0,0,16
28,2020-02-19,0,0,0,0,0,0,0,4,0,5,2,0,4,0,0,0,0,0,0,1,0,0,0,0,0,0,0,1,0,0,5,0,3,0,0,986,393,560,293,91,1331,244,146,168,306,470,1262,63,62031,1008,75,631,934,90,121,10,71,18,242,544,333,131,514,130,1,76,172,1174,0,0,0,0,0,621,0,0,0,0,0,0,0,1,0,1,12,0,0,0,0,16,0,0,0,0,0,0,3,0,2,0,0,0,3,0,84,0,31,0,0,0,0,0,0,22,0,0,0,0,0,0,0,0,1,0,0,0,0,0,0,0,0,0,0,3,0,0,0,0,0,2,0,0,0,0,84,0,0,0,2,1,1,0,23,35,0,0,0,0,9,0,0,9,0,0,0,0,0,0,0,0,0,0,0,0,0,0,0,0,0,0,0,0,0,0,0,0,0,0,0,0,0,0,0,0,0,0,0,0,0,0,2,0,0,0,0,0,0,0,0,0,0,0,0,0,0,0,0,0,0,0,0,0,0,0,0,0,0,0,0,0,0,0,0,0,0,0,0,0,0,0,0,0,0,0,0,0,0,0,0,0,0,0,0,0,0,0,0,0,0,0,0,0,0,0,1,0,0,0,0,0,0,0,0,0,1,0,0,0,0,0,1,0,0,0,0,0,0,0,0,0,0,0,0,0,0,0,0,0,0,0,0,0,0,0,0,0,0,0,0,0,0,0,0,0,0,0,0,0,0,0,0,0,1,0,0,0,0,0,0,0,0,0,0,0,0,0,0,0,0,0,0,0,0,0,0,0,0,2,2,0,0,0,2,0,0,0,0,0,0,0,0,0,0,0,0,0,0,0,0,0,0,1,0,0,0,0,0,0,0,0,0,0,0,0,0,0,0,0,0,0,0,0,0,0,0,0,0,0,0,0,0,0,0,0,0,16
29,2020-02-20,0,0,0,0,0,0,0,4,0,5,2,0,4,0,0,0,0,0,0,1,0,0,0,0,0,0,0,1,0,0,5,0,3,0,0,987,395,567,293,91,1332,245,146,168,307,476,1265,68,62442,1010,75,631,934,91,121,10,71,18,245,546,334,132,520,131,1,76,174,1175,0,0,0,0,0,634,0,0,0,0,0,0,0,1,0,1,12,0,0,0,0,16,0,0,0,0,0,0,3,0,5,0,0,0,3,0,94,0,104,0,0,0,0,0,0,22,0,0,0,0,0,0,0,0,1,0,0,0,0,0,0,0,0,0,0,3,0,0,0,0,0,2,0,0,0,0,84,0,0,0,2,1,1,0,24,35,0,0,0,0,9,0,0,9,0,0,0,0,0,0,0,0,0,0,0,0,0,0,0,0,0,0,0,0,0,0,0,0,0,0,0,0,0,0,0,0,0,0,0,0,0,0,2,0,0,0,0,0,0,0,0,0,0,0,0,0,0,0,0,0,0,0,0,0,0,0,0,0,0,0,0,0,0,0,0,0,0,0,0,0,0,0,0,0,0,0,0,0,0,0,0,0,0,0,0,0,0,0,0,0,0,0,0,0,0,0,1,0,0,0,0,0,0,0,0,0,1,0,0,0,0,0,1,0,0,0,0,0,0,0,0,0,0,0,0,0,0,0,0,0,0,0,0,0,0,0,0,0,0,0,0,0,0,0,0,0,0,0,0,0,0,0,0,0,1,0,0,0,0,0,0,0,0,0,0,0,0,0,0,0,0,0,0,0,0,0,0,0,0,2,2,0,0,0,2,0,0,0,0,0,0,0,0,0,0,0,0,0,0,0,0,0,0,1,0,0,0,0,0,0,0,0,0,0,0,0,0,0,0,0,0,0,0,0,0,0,0,0,0,0,0,0,0,0,0,0,0,16
30,2020-02-21,0,0,0,0,0,0,4,4,0,5,2,0,4,0,0,0,0,0,0,1,0,0,0,0,0,0,0,1,0,0,6,0,3,0,0,988,396,572,293,91,1333,246,146,168,308,479,1267,68,62662,1011,75,631,934,91,121,10,71,18,245,749,334,132,525,132,1,76,174,1203,0,0,0,0,0,634,0,0,0,0,0,0,0,1,0,1,12,0,0,0,0,16,0,0,0,0,0,0,3,0,18,0,0,1,20,0,105,0,204,0,0,1,0,0,0,22,0,0,0,0,0,0,0,0,1,0,0,0,0,0,0,0,0,0,0,3,0,0,0,0,0,2,0,0,0,0,85,0,0,0,2,1,1,0,26,35,0,0,0,0,9,0,0,9,0,0,0,0,0,0,0,0,0,0,0,0,0,0,0,0,0,0,0,0,0,0,0,0,0,0,0,0,0,0,0,0,0,0,0,0,0,0,2,0,0,0,0,0,0,0,0,0,0,0,0,0,0,0,0,0,0,0,0,0,0,0,0,0,0,0,0,0,0,0,0,0,0,0,0,0,0,0,0,0,0,0,0,0,1,0,0,0,0,0,0,0,0,0,0,0,0,0,0,0,0,0,1,0,0,0,0,0,0,0,0,0,1,0,0,0,0,0,1,0,0,0,0,0,0,0,0,0,0,0,0,0,0,0,0,0,0,0,0,0,0,0,0,0,0,0,0,0,0,0,0,0,0,0,0,0,0,0,0,0,1,0,0,0,0,0,0,0,0,0,0,0,0,0,0,0,0,0,0,0,0,0,0,0,1,2,2,0,0,0,2,0,0,0,0,0,0,0,0,0,0,0,0,0,0,0,0,0,0,1,0,0,0,0,0,0,0,0,0,0,0,0,0,0,0,0,0,0,0,0,0,0,0,0,0,0,0,0,0,0,0,0,0,16
31,2020-02-22,0,0,0,0,0,0,7,4,0,5,2,0,4,0,0,0,0,0,0,1,0,0,0,0,0,0,0,1,0,0,6,0,3,0,0,989,399,573,293,91,1339,249,146,168,309,479,1270,69,64084,1013,75,631,934,91,121,10,71,18,245,750,335,132,526,135,1,76,174,1205,0,0,0,0,0,634,0,0,0,0,0,0,0,1,0,1,12,0,0,0,0,16,0,0,0,0,0,0,3,0,28,0,0,1,62,0,122,0,433,0,0,1,0,0,0,22,0,0,0,0,0,0,0,0,1,0,0,0,0,0,0,0,0,0,0,3,0,0,0,0,0,2,0,0,0,0,85,0,0,0,2,1,1,0,26,35,0,0,0,0,13,0,0,9,0,0,0,0,0,0,0,0,0,0,0,0,0,0,0,0,0,0,0,0,0,0,0,0,0,0,0,0,0,0,0,0,0,0,0,0,0,0,2,0,0,0,0,0,0,0,0,0,0,0,0,0,0,0,0,0,0,0,0,0,0,0,0,0,0,0,0,0,0,0,0,0,0,0,0,0,0,0,0,0,0,0,0,0,1,0,0,0,0,0,0,0,0,0,0,0,0,0,0,0,0,0,1,0,0,0,0,0,0,0,0,0,1,0,0,0,0,0,1,0,0,0,0,0,0,0,0,0,0,0,0,0,0,0,0,0,0,0,0,0,0,0,0,0,0,0,0,0,0,0,0,0,0,0,0,0,0,0,0,0,1,0,0,0,0,0,0,0,0,0,0,0,0,0,0,0,0,0,0,0,0,0,0,0,1,2,2,0,0,0,2,0,0,0,0,0,0,0,0,0,0,0,0,0,0,0,0,0,0,1,0,0,0,0,0,0,0,0,0,0,0,0,0,0,0,0,0,0,0,0,0,0,0,0,0,0,0,0,0,0,0,0,0,16
32,2020-02-23,0,0,0,0,0,0,7,4,0,5,2,0,4,0,0,0,0,0,0,1,0,0,0,0,0,0,0,1,0,0,6,0,3,0,0,989,399,575,293,91,1342,249,146,168,311,480,1271,74,64084,1016,75,631,934,91,121,10,71,18,245,754,335,132,526,135,1,76,174,1205,0,0,0,0,0,691,0,0,0,0,0,0,0,1,0,1,12,0,0,0,0,16,0,0,0,0,0,0,3,0,43,0,0,1,155,0,147,0,602,0,0,1,0,0,0,22,0,0,0,0,0,0,0,0,1,0,0,0,0,0,0,0,0,0,0,3,0,0,0,0,0,2,0,0,0,0,89,0,0,0,2,1,1,0,28,35,0,0,0,0,13,0,0,9,0,0,0,0,0,0,0,0,0,0,0,0,0,0,0,0,0,0,0,0,0,0,0,0,0,0,0,0,0,0,0,0,0,0,0,0,0,0,2,0,0,0,0,0,0,0,0,0,0,0,0,0,0,0,0,0,0,0,0,0,0,0,0,0,0,0,0,0,0,0,0,0,0,0,0,0,0,0,0,0,0,0,0,0,1,0,0,0,0,0,0,0,0,0,0,0,0,0,0,0,0,0,1,0,0,0,0,0,0,0,0,0,1,0,0,0,0,0,1,0,0,0,0,0,0,0,0,0,0,0,0,0,0,0,0,0,0,0,0,0,0,0,0,0,0,0,0,0,0,0,0,0,0,0,0,0,0,0,0,0,1,0,0,0,0,0,0,0,0,0,0,0,0,0,0,0,0,0,0,0,0,0,0,0,1,2,2,0,0,0,2,0,0,0,0,0,0,0,0,0,0,0,0,0,0,0,0,0,0,1,0,0,0,0,0,0,0,0,0,0,0,0,0,0,0,0,0,0,0,0,0,0,0,0,0,0,0,0,0,0,0,0,0,16
33,2020-02-24,1,0,0,0,0,0,7,4,0,5,2,0,4,0,0,0,1,0,0,1,0,0,0,0,0,0,0,1,0,0,6,0,4,0,0,989,399,576,293,91,1345,251,146,168,311,480,1271,79,64287,1016,75,631,934,93,121,10,71,18,245,755,335,133,527,135,1,76,174,1205,0,0,0,0,0,691,0,0,0,0,0,0,0,1,0,1,12,0,0,0,0,16,0,0,0,0,0,0,3,0,61,1,0,1,229,0,159,0,833,1,0,1,0,0,0,22,0,0,0,0,0,0,0,0,1,0,0,0,0,0,2,0,0,0,0,3,0,0,0,0,0,2,0,0,0,0,89,0,0,0,2,1,1,0,30,35,0,0,0,0,13,0,0,13,0,0,0,0,0,0,0,0,0,0,0,0,0,0,0,0,0,0,0,0,0,0,0,0,0,0,0,0,0,0,0,0,0,0,0,0,0,0,2,0,0,0,0,0,0,0,0,0,0,0,36,0,0,0,0,0,0,0,0,0,0,0,0,0,0,0,0,0,0,0,0,0,0,0,0,0,0,0,0,0,0,0,0,0,1,0,0,0,0,0,0,0,0,0,0,0,0,0,0,0,0,0,1,0,0,0,0,0,0,0,0,0,1,0,0,0,0,0,1,0,0,0,0,0,0,0,0,0,0,0,0,0,0,0,0,0,0,0,0,0,0,0,0,0,0,0,0,0,0,0,0,0,0,0,0,0,0,0,0,0,1,0,0,0,0,0,0,0,0,0,0,0,0,0,0,0,0,0,0,0,0,0,0,0,1,2,2,0,0,0,2,0,0,0,0,0,0,0,0,0,0,0,0,0,0,0,0,0,0,1,0,0,0,0,0,0,0,0,0,0,0,0,0,0,0,0,0,0,0,0,0,0,0,0,0,0,0,0,0,0,0,0,0,16
34,2020-02-25,1,0,1,0,0,0,7,4,0,5,2,0,4,0,2,0,23,0,0,1,0,0,0,0,0,0,0,1,0,0,7,0,4,0,0,989,400,576,294,91,1347,252,146,168,311,480,1271,84,64786,1016,75,631,934,93,121,10,71,18,245,756,336,133,529,135,1,76,174,1205,0,0,0,0,1,691,0,0,0,0,0,0,0,1,0,1,14,0,0,0,0,17,0,0,0,0,0,0,3,0,95,1,0,1,322,0,170,0,977,11,0,1,0,0,0,22,0,0,0,0,0,0,0,0,1,0,0,0,0,0,2,0,0,0,0,3,0,0,0,0,0,2,0,0,0,0,91,0,0,0,6,1,1,1,31,37,0,0,0,0,13,0,0,13,0,0,0,0,0,0,0,0,0,0,0,0,0,0,0,0,0,0,0,0,0,0,0,0,0,0,0,0,0,0,0,0,0,0,0,0,0,0,2,0,0,0,0,0,0,0,0,0,0,0,36,0,0,0,0,0,0,0,0,0,0,0,0,0,0,0,0,0,0,0,0,0,0,0,0,0,0,0,0,0,0,0,0,0,1,0,0,0,0,0,0,0,0,0,0,0,0,0,0,0,0,0,1,0,0,0,0,0,0,0,0,0,1,0,0,0,0,0,1,0,0,0,0,0,0,0,0,0,0,0,0,0,0,0,0,0,0,0,0,0,0,0,0,0,0,0,0,0,0,0,0,0,0,0,0,0,0,0,0,0,1,0,0,0,0,0,0,0,0,0,0,0,0,0,0,0,0,0,0,0,0,0,0,0,1,2,2,0,0,0,2,0,0,0,0,0,0,0,0,0,0,0,0,0,0,0,0,0,0,1,0,0,0,0,0,0,0,0,0,0,0,0,0,0,0,0,0,0,0,0,0,0,0,0,0,0,0,0,0,0,0,0,0,16
35,2020-02-26,1,0,1,0,0,0,7,4,0,5,2,0,4,0,2,0,33,0,0,1,0,0,0,1,0,0,0,1,0,0,7,0,4,0,0,989,400,576,294,91,1347,252,146,168,312,480,1271,91,65187,1016,75,631,934,93,121,10,71,18,245,756,337,133,531,135,1,76,174,1205,0,0,0,0,3,705,0,0,0,0,0,0,0,1,0,2,18,0,0,0,1,27,1,0,0,0,0,0,3,0,139,5,0,2,453,0,189,0,1261,26,0,2,0,0,0,22,0,0,0,0,0,0,0,0,1,0,0,0,1,1,4,2,0,0,0,3,0,0,0,0,1,2,0,0,0,0,93,0,0,0,13,1,2,1,32,40,0,0,0,0,13,0,0,13,0,0,0,0,0,0,0,0,0,0,0,0,0,0,0,0,0,0,0,0,0,0,0,0,0,0,0,0,0,0,0,0,0,0,0,0,0,0,2,0,0,0,0,0,0,0,0,0,0,0,42,0,0,0,0,0,0,0,0,0,0,0,0,0,0,0,0,0,0,0,0,0,0,0,0,0,0,0,0,0,0,0,0,0,1,0,0,0,0,0,0,0,0,0,0,0,0,0,0,0,0,0,1,0,0,0,0,0,0,0,0,0,1,0,0,0,0,0,1,0,0,0,0,0,0,0,0,0,0,0,0,0,0,0,0,0,0,0,0,0,0,0,0,0,0,0,0,0,0,0,0,0,0,0,0,0,0,0,0,0,1,0,0,0,0,0,0,0,0,0,0,0,0,0,0,0,0,0,0,0,0,0,0,0,1,2,2,0,0,0,2,0,0,0,0,0,0,0,0,0,0,0,0,0,0,0,0,0,0,1,0,0,0,0,0,0,0,0,0,0,0,0,0,0,0,0,0,0,0,0,0,0,0,0,0,0,0,0,0,0,0,0,0,16
36,2020-02-27,1,0,1,0,0,0,8,4,0,5,2,0,4,0,3,0,33,0,0,1,0,0,0,1,0,0,0,1,0,0,7,0,6,0,0,989,410,576,296,91,1347,252,146,168,317,480,1272,92,65596,1017,75,631,934,93,121,10,72,18,245,756,337,133,534,136,1,76,174,1205,0,0,0,0,3,705,0,0,0,1,0,0,0,1,1,2,38,0,0,0,1,46,3,0,0,0,0,0,3,0,245,7,0,3,655,0,214,0,1766,43,0,2,0,0,0,23,0,0,0,0,0,0,0,0,1,1,0,0,1,1,4,2,0,0,0,3,0,0,0,0,1,2,1,0,0,0,93,0,0,0,15,1,7,8,32,40,0,0,0,0,13,0,0,15,0,0,0,0,0,0,0,0,0,0,0,0,0,0,0,0,0,0,0,0,0,0,0,0,0,0,0,0,0,0,0,0,0,0,0,0,0,0,2,0,0,0,0,0,0,0,0,0,0,0,42,0,0,0,0,0,0,0,0,0,0,0,0,0,0,0,0,0,0,0,0,0,0,0,0,0,0,0,0,0,0,0,0,0,1,0,0,0,0,0,0,0,0,0,0,0,0,0,0,0,0,0,1,0,0,0,0,0,0,0,0,0,1,0,0,0,0,0,1,0,0,0,0,0,0,0,0,0,0,0,0,0,0,0,0,0,0,0,0,0,0,0,0,0,0,0,0,0,0,0,0,0,0,0,0,0,0,0,0,0,1,0,0,0,0,0,0,0,0,0,0,0,0,0,0,0,0,0,0,0,0,0,0,0,2,2,2,0,0,0,2,0,0,0,0,0,0,0,0,0,0,0,0,0,0,0,0,0,0,1,0,0,0,0,0,0,0,0,0,0,0,0,0,0,0,0,0,0,0,0,0,0,0,0,0,0,0,0,0,0,0,0,0,16
37,2020-02-28,1,0,1,0,0,0,8,4,0,5,2,0,4,0,3,0,36,0,1,1,0,0,0,1,0,0,0,1,0,0,7,0,6,1,0,990,410,576,296,91,1348,252,146,168,318,480,1272,94,65914,1017,75,631,935,93,121,10,72,18,245,756,337,133,538,136,1,76,174,1205,0,0,0,0,5,705,0,0,0,1,0,0,0,1,1,2,57,0,0,0,1,48,4,0,0,0,0,1,3,0,388,7,0,4,888,0,228,0,2337,45,0,2,0,1,0,23,0,0,0,1,0,0,0,0,1,1,1,1,1,6,4,2,0,0,0,3,0,0,0,0,3,2,1,0,0,0,93,0,0,0,32,1,7,8,34,41,0,0,0,0,19,0,0,20,0,0,0,0,0,0,0,0,0,0,0,0,0,0,0,0,0,0,0,0,0,0,0,0,0,0,0,0,0,0,0,0,0,0,0,0,0,0,2,0,0,0,0,0,0,0,0,0,0,0,44,0,0,0,0,0,0,0,0,0,0,0,0,0,0,0,0,0,0,0,0,0,0,0,0,0,0,0,0,0,0,0,0,0,1,0,0,0,0,0,0,0,0,0,0,0,0,0,0,0,0,0,1,0,0,0,0,0,0,0,0,0,1,0,0,0,0,0,1,0,0,0,0,0,0,0,0,0,0,0,0,0,0,0,0,0,0,0,0,0,0,0,0,0,0,0,0,0,0,0,0,0,0,0,0,0,0,0,0,0,1,0,0,0,0,0,0,0,0,0,0,0,0,0,0,0,0,0,0,0,0,0,0,0,2,2,2,0,0,0,2,0,0,0,0,0,0,0,0,0,0,0,0,0,0,0,0,0,0,1,0,0,0,0,0,0,0,0,0,0,0,0,0,0,0,0,0,0,0,0,0,0,0,0,0,0,0,0,0,0,0,0,0,16
38,2020-02-29,1,0,1,0,0,0,0,4,0,9,3,0,7,2,9,0,41,0,1,1,0,0,0,2,0,0,0,1,0,0,8,0,11,1,0,990,411,576,296,91,1349,252,146,168,318,480,1272,95,66337,1018,75,631,935,93,121,10,73,18,245,756,337,133,538,136,1,76,174,1205,0,0,0,0,6,705,0,0,0,3,0,0,0,1,1,3,100,0,0,0,1,79,4,0,0,0,0,1,3,0,593,13,1,7,1128,0,241,0,3150,45,0,4,0,1,1,25,0,0,0,4,0,1,0,0,1,6,1,1,1,15,6,4,0,0,0,3,0,0,1,0,3,2,1,0,0,0,102,0,0,0,45,1,12,18,39,42,0,0,0,0,21,0,0,23,0,0,0,0,0,0,0,0,0,0,0,0,0,0,0,0,0,0,0,0,0,0,0,0,0,0,0,0,0,0,0,0,0,0,0,0,0,0,2,0,0,0,0,0,0,0,0,0,0,0,44,0,0,0,0,0,0,0,0,0,0,0,0,0,0,0,0,0,0,0,0,0,0,0,0,0,0,0,0,0,0,0,0,0,1,0,0,0,0,0,0,0,0,0,0,0,0,0,0,0,0,0,6,0,0,0,0,0,0,0,0,0,1,0,0,0,0,0,1,0,0,0,0,0,0,0,0,0,0,0,0,0,0,0,0,0,0,0,0,0,0,0,0,0,0,0,0,0,0,0,0,0,0,0,0,0,0,0,0,0,1,0,0,0,0,0,0,0,0,0,0,0,0,0,0,0,0,0,0,0,0,0,0,0,2,2,2,0,0,0,3,0,0,0,0,0,0,1,0,0,0,0,0,0,0,0,0,0,0,1,0,0,0,0,0,0,0,0,0,0,0,0,0,0,0,0,0,0,0,1,0,0,0,0,0,0,0,0,0,0,0,0,0,16
39,2020-03-01,1,0,1,0,0,1,0,6,0,9,3,0,7,2,14,3,47,0,1,2,0,0,0,2,0,0,0,1,0,0,8,0,15,1,0,990,413,576,296,91,1349,252,146,168,318,480,1272,96,66907,1018,75,631,935,93,122,10,73,18,245,758,337,133,538,136,1,76,174,1205,0,0,0,0,7,705,0,0,3,4,0,1,6,2,1,6,130,0,0,0,3,130,7,0,0,0,0,3,3,0,978,19,1,10,1694,0,256,0,3736,45,0,10,0,1,1,29,0,0,0,5,0,1,0,0,1,10,1,1,1,19,6,4,0,0,0,3,0,0,3,0,3,2,1,0,0,0,106,0,0,0,84,1,14,27,40,42,0,0,0,0,21,0,0,36,0,0,0,0,0,0,0,0,0,0,0,0,0,0,0,0,0,0,0,0,0,0,0,0,0,0,0,0,0,0,0,0,0,0,0,0,0,0,3,0,0,0,0,0,0,0,0,0,0,0,44,0,0,0,0,0,0,0,0,0,0,0,0,0,0,0,0,0,0,0,0,0,0,0,0,0,0,0,0,0,0,0,0,0,1,0,0,0,0,0,0,0,0,0,0,0,0,0,0,0,0,0,9,0,0,0,0,0,0,0,0,0,1,0,0,0,0,0,1,0,0,0,0,0,0,0,0,0,0,0,0,0,0,0,0,0,0,0,0,0,0,0,0,0,0,0,0,0,0,0,0,0,0,0,0,0,0,0,0,0,1,0,0,0,0,0,0,0,0,0,0,0,0,0,0,0,0,0,1,0,0,0,0,0,2,2,2,0,0,0,3,0,0,0,0,0,0,2,0,0,0,0,0,0,0,0,0,0,0,1,0,0,0,0,0,0,0,0,0,0,0,0,0,0,0,0,0,0,0,1,0,0,0,0,0,0,0,0,0,0,0,0,0,16
40,2020-03-02,1,0,3,1,0,1,0,6,0,9,3,1,9,2,18,3,49,0,1,8,0,0,0,2,0,0,0,1,0,0,8,0,18,1,0,990,414,576,296,91,1350,252,146,168,318,480,1272,100,67103,1018,75,631,935,93,122,10,74,18,245,758,337,133,538,136,1,76,174,1206,0,0,0,0,7,705,0,0,3,4,0,1,6,2,1,6,191,0,0,0,3,159,7,0,0,0,0,6,5,2,1501,26,1,10,2036,0,274,0,4335,56,1,13,0,1,1,29,0,0,0,5,0,1,0,1,1,18,1,1,1,25,6,4,0,0,0,3,0,2,3,0,3,3,8,1,1,0,108,0,0,0,120,1,15,42,41,43,0,0,0,0,21,0,0,40,0,0,0,0,0,0,0,0,0,0,0,0,0,0,0,0,0,0,0,0,0,0,0,0,0,0,0,0,0,0,0,0,0,0,0,0,0,0,4,0,0,0,0,0,0,0,0,0,0,0,45,0,0,0,0,0,0,0,0,0,0,0,0,0,0,0,0,0,1,0,0,0,0,0,0,0,0,0,0,0,1,0,0,0,1,0,0,0,0,0,0,0,0,0,0,0,0,0,0,0,0,0,14,0,0,0,0,0,0,0,0,0,1,0,0,0,0,0,1,0,0,0,0,0,0,0,0,0,0,0,0,0,0,0,0,0,0,0,0,0,0,0,0,0,0,0,0,0,0,1,0,0,0,0,0,0,0,0,0,0,1,0,0,0,0,0,0,0,0,0,0,0,0,1,0,0,0,0,2,0,0,0,0,0,2,2,2,0,0,1,9,0,0,0,0,0,0,4,0,0,1,0,0,0,0,0,0,0,0,1,0,0,0,0,0,0,0,0,0,0,1,0,0,0,0,0,0,0,0,2,0,0,0,0,0,0,0,0,0,0,0,0,0,16
41,2020-03-03,1,0,5,1,1,1,0,13,0,11,3,1,9,2,21,3,49,0,1,13,0,0,0,2,0,0,0,1,0,0,9,0,20,1,1,990,414,576,296,91,1350,252,146,168,318,480,1272,100,67217,1018,75,631,935,93,125,10,74,18,245,758,338,133,538,136,1,76,174,1213,0,0,0,0,9,706,0,0,5,6,0,1,7,2,2,6,204,0,0,0,3,196,7,0,0,0,0,11,5,2,2336,32,2,12,2502,0,293,1,5186,56,1,13,0,1,1,36,0,0,0,5,0,1,0,1,1,24,1,1,1,32,12,5,0,0,0,3,0,2,7,0,3,3,10,1,2,0,110,0,0,0,165,1,21,56,42,43,0,0,0,1,27,0,0,51,0,0,1,0,0,0,0,0,0,0,0,0,0,0,0,0,0,0,0,0,0,0,0,0,0,0,0,0,0,0,0,0,0,0,0,0,0,0,4,0,0,0,0,0,0,0,0,0,0,0,45,0,0,0,0,0,0,0,0,0,0,0,0,0,0,0,2,0,2,0,0,0,0,0,0,0,0,0,0,0,2,0,0,0,1,0,0,0,0,0,0,0,0,0,0,0,0,0,0,0,0,0,21,0,0,0,0,0,0,0,0,0,1,0,0,0,0,0,1,0,0,0,0,0,0,0,0,0,0,0,0,0,0,0,0,0,0,0,0,0,0,0,0,0,0,0,0,0,0,1,0,1,0,0,0,0,0,0,0,0,1,0,0,0,0,0,0,0,0,0,0,0,0,1,0,0,0,0,2,0,0,0,0,0,2,2,2,0,0,2,11,0,0,0,0,0,0,6,0,0,1,0,0,0,0,0,0,0,0,1,0,0,0,0,0,0,0,0,0,0,1,0,0,0,0,0,0,1,0,2,0,0,0,0,0,0,1,0,0,0,0,0,0,16
42,2020-03-04,1,0,12,1,1,1,0,22,1,11,5,1,10,2,29,3,52,0,6,23,0,0,0,4,0,0,0,1,0,0,12,0,20,1,1,990,418,576,296,91,1350,252,146,168,318,480,1272,105,67332,1018,75,631,935,93,125,10,75,18,245,758,338,133,538,136,1,76,174,1213,0,0,0,0,10,706,0,0,8,10,1,1,10,2,2,6,285,3,0,0,3,262,9,0,0,0,2,26,28,2,2922,35,6,15,3089,0,331,1,5621,56,1,13,1,1,1,50,0,0,0,5,0,1,0,1,1,38,3,1,1,56,15,5,0,0,0,3,1,5,8,0,4,3,16,1,4,0,110,0,0,0,222,1,35,90,42,43,0,1,0,1,27,0,1,85,0,0,1,0,0,0,0,0,0,0,0,0,0,0,0,0,0,0,0,0,0,0,0,0,0,0,0,0,0,0,0,0,0,0,0,0,0,1,4,0,0,0,0,0,0,0,0,0,0,0,45,0,0,0,0,0,0,0,0,0,0,0,0,0,0,0,2,0,2,0,0,0,0,0,0,0,0,0,0,0,2,0,0,0,1,0,0,0,0,0,0,0,0,0,0,0,0,0,0,0,0,0,31,0,0,0,0,0,0,0,0,0,7,0,0,0,0,0,1,0,0,0,0,0,0,0,0,0,0,0,0,0,0,0,0,0,0,0,0,0,0,0,0,0,0,0,0,0,0,1,0,1,0,0,0,0,0,0,0,0,3,0,0,0,0,0,0,0,0,0,0,0,0,2,0,0,0,0,2,0,0,0,0,0,2,2,2,0,0,2,11,0,0,0,0,0,0,8,0,0,1,0,0,0,0,0,0,0,0,1,0,0,0,0,0,0,0,0,0,0,1,0,0,0,0,0,0,1,0,2,0,0,0,0,0,0,10,0,0,0,0,0,0,16
43,2020-03-05,1,0,12,1,1,1,0,22,1,13,5,1,10,3,41,6,55,0,6,50,0,0,2,4,0,0,0,1,0,0,13,0,22,2,4,990,418,576,296,102,1351,252,146,168,318,481,1272,105,67466,1018,75,631,935,93,125,10,75,18,245,758,339,133,539,136,1,76,174,1215,0,0,0,0,10,706,0,0,12,10,1,1,13,3,3,12,377,3,0,0,4,482,31,0,0,0,2,34,30,2,3513,35,6,20,3858,0,360,1,6088,58,1,16,1,1,1,50,0,0,0,5,0,1,0,2,1,82,3,1,1,87,16,5,0,0,0,3,1,8,8,0,6,4,21,5,4,0,117,0,2,1,259,1,94,114,44,47,0,1,0,1,29,0,1,115,0,0,1,0,0,0,0,0,0,0,0,2,0,0,0,0,0,0,0,0,0,0,0,0,0,0,0,0,0,0,1,0,0,0,0,0,0,1,5,0,0,0,0,0,0,0,0,0,0,0,45,0,0,0,0,0,0,0,0,0,0,0,0,0,1,0,2,0,2,0,1,0,0,0,0,0,2,0,0,0,2,0,0,0,1,0,0,0,0,0,0,0,0,0,0,0,0,0,0,0,0,0,51,0,0,0,0,0,0,0,0,0,11,0,0,0,0,0,1,0,0,0,0,0,0,0,0,0,0,0,0,0,0,0,0,0,0,0,0,0,1,0,0,0,0,0,0,0,0,4,0,1,0,0,0,0,0,0,0,0,3,0,0,0,0,0,0,0,0,0,0,0,0,2,0,0,0,0,2,0,0,0,0,0,2,2,3,2,0,2,20,0,1,0,0,0,0,18,0,0,1,0,0,0,0,0,0,0,0,1,0,0,0,0,0,0,0,0,0,0,1,0,0,0,0,0,0,1,0,2,0,0,0,0,0,0,18,0,1,0,0,0,0,16
44,2020-03-06,1,0,17,1,2,1,0,26,0,13,7,1,10,3,55,6,60,0,6,109,1,0,2,13,0,0,0,1,1,1,21,0,25,2,4,990,422,576,296,119,1352,252,146,168,318,481,1272,107,67592,1018,75,631,935,93,125,10,75,18,245,758,342,133,539,136,1,76,174,1215,1,0,1,0,11,696,0,0,18,23,1,2,13,15,10,15,653,3,0,0,4,670,45,0,1,0,2,43,31,4,4747,40,18,37,4636,0,420,1,6593,58,1,22,1,1,2,83,0,0,0,6,0,1,0,2,1,128,4,1,3,108,16,6,0,0,1,5,5,13,8,0,9,13,21,5,4,1,130,1,7,1,400,1,101,214,45,48,1,1,0,1,29,0,1,163,0,0,1,0,0,0,0,0,0,0,0,2,0,0,0,0,0,0,0,0,0,0,0,0,0,0,0,0,1,0,1,0,0,0,0,0,0,3,5,0,0,0,0,0,0,0,0,1,2,0,45,0,0,1,0,0,0,0,0,0,1,0,0,0,1,0,2,0,2,0,1,0,0,0,0,0,3,0,0,0,2,0,0,0,1,0,0,0,0,0,0,0,0,0,0,0,0,0,0,0,0,0,58,0,0,0,0,0,0,0,0,0,13,0,0,0,0,0,2,0,1,0,0,0,0,0,1,0,0,0,0,0,0,0,0,3,0,0,0,0,1,0,0,0,0,0,0,0,0,11,0,2,0,0,0,0,0,0,0,0,3,0,0,0,0,0,0,0,0,0,0,0,0,5,1,0,0,0,2,1,0,0,0,0,2,2,3,2,0,2,20,0,1,0,0,0,0,19,0,0,1,0,0,0,0,0,0,0,0,3,0,0,1,0,0,0,0,0,0,0,1,0,0,0,0,0,0,1,0,2,0,1,1,0,0,0,19,0,1,0,0,0,1,16
45,2020-03-07,1,0,17,1,8,1,0,28,0,13,7,1,11,3,79,9,85,0,6,169,1,0,3,13,0,0,0,1,1,2,21,0,28,3,4,990,426,576,296,120,1352,252,146,168,318,481,1272,108,67666,1018,75,631,935,93,125,10,75,18,245,758,342,133,539,136,1,76,174,1215,1,0,1,0,12,696,0,0,19,23,1,2,13,15,10,15,949,3,0,5,4,799,46,0,1,0,4,50,34,4,5823,54,18,43,5883,0,461,1,7041,61,1,22,1,1,2,93,0,3,2,6,0,1,0,2,1,188,5,1,3,147,16,6,0,0,1,6,5,20,8,0,9,13,23,5,4,1,138,1,7,1,500,1,161,268,45,50,1,1,0,1,45,0,1,206,0,0,2,0,0,0,0,0,0,0,0,4,0,0,0,0,2,0,0,0,0,0,0,0,0,1,0,0,1,0,1,1,1,0,0,0,0,3,6,0,0,0,0,1,0,0,0,1,2,0,45,0,3,1,0,0,1,0,0,0,1,0,0,0,3,0,3,0,2,21,1,0,0,0,0,0,5,0,0,0,2,1,0,0,1,0,0,0,0,0,1,0,1,0,0,0,0,0,0,0,0,1,71,0,0,1,0,0,0,0,2,0,14,0,0,1,0,0,2,0,1,0,0,0,0,0,1,0,0,0,0,0,0,0,0,3,0,0,0,0,4,0,0,0,0,0,0,0,0,11,0,2,0,0,0,0,0,0,0,0,3,0,0,0,0,0,0,0,1,0,0,2,0,5,1,0,0,0,3,1,0,0,0,2,2,2,3,9,0,2,32,0,1,2,0,0,0,27,0,0,1,0,0,0,0,0,0,0,0,3,0,0,1,0,0,0,0,0,1,0,1,0,0,0,0,0,0,1,0,3,0,1,1,0,0,0,57,0,1,0,0,0,1,18
46,2020-03-08,4,0,19,1,12,1,0,38,0,15,7,2,11,3,104,9,85,3,6,200,1,0,3,20,0,4,0,2,2,4,27,0,29,4,8,990,428,576,296,124,1352,252,146,168,318,481,1272,114,67707,1018,75,631,935,93,125,10,75,18,245,758,342,133,539,136,1,76,174,1215,1,0,5,0,12,696,0,0,31,35,2,5,14,49,10,23,1126,3,0,5,13,1040,73,0,1,0,7,50,39,6,6566,60,19,61,7375,0,502,1,7314,64,2,32,1,1,3,99,4,3,2,7,1,1,0,2,1,265,5,1,3,176,16,6,0,1,6,10,11,30,15,0,15,17,36,11,4,1,150,3,16,3,673,1,203,337,45,50,1,2,0,1,45,0,1,273,0,0,2,0,0,0,0,0,0,0,1,4,1,0,0,0,2,0,0,0,0,0,0,0,0,1,0,0,1,0,2,1,1,0,0,0,0,9,7,0,0,0,1,1,0,0,0,1,2,0,45,0,3,1,1,0,1,0,2,0,1,0,0,0,6,1,3,0,3,21,1,0,0,0,0,1,5,0,0,1,2,1,0,1,1,0,0,0,0,0,2,0,1,0,0,0,1,0,0,0,0,1,83,0,1,1,0,0,0,0,2,0,14,0,0,1,0,1,2,0,1,1,0,0,0,0,7,0,0,0,0,0,0,0,0,4,4,0,0,0,5,0,0,0,0,0,0,0,0,12,0,6,0,0,0,0,0,1,0,0,3,0,0,0,0,0,0,0,4,0,0,2,0,5,1,0,0,0,3,1,0,1,1,2,2,2,3,9,0,2,38,0,1,2,0,1,0,31,0,0,1,0,0,0,0,0,1,0,0,8,1,0,1,0,0,0,0,0,1,1,1,0,0,0,0,0,1,1,0,8,2,2,1,0,0,0,83,0,1,0,0,0,1,30
47,2020-03-09,4,2,20,1,12,1,0,48,0,15,7,2,15,4,131,9,95,3,6,239,1,0,3,25,1,4,0,2,2,7,32,0,34,4,8,990,428,576,296,124,1352,252,146,168,318,481,1272,115,67743,1018,75,631,935,93,125,10,75,18,245,758,342,133,539,136,1,76,174,1215,1,0,9,0,12,696,0,2,31,90,2,5,15,55,10,30,1209,1,2,5,15,1176,73,0,1,0,9,58,43,19,7161,60,21,61,9172,0,511,1,7478,64,6,32,1,1,3,117,4,3,2,7,1,1,0,2,1,321,5,2,3,205,16,6,0,1,7,20,16,30,18,0,15,17,36,15,4,1,150,3,16,3,1073,1,248,374,45,50,1,2,0,1,45,0,1,321,0,0,2,0,0,0,0,0,0,0,1,4,1,0,0,0,3,0,0,0,0,0,0,1,0,1,1,0,1,1,2,1,3,0,1,0,0,9,7,0,0,0,1,1,0,0,0,1,2,0,45,0,3,3,1,0,1,0,2,0,1,0,0,0,6,1,5,0,3,21,1,0,0,0,0,1,6,2,0,2,2,1,0,1,1,0,0,0,0,0,2,1,1,1,0,3,1,0,0,0,0,1,83,0,1,1,0,0,0,0,2,0,14,0,0,1,0,2,2,0,1,1,0,0,0,0,7,0,0,0,0,0,0,0,0,4,5,0,0,0,17,0,0,0,0,0,0,0,0,19,0,6,0,0,0,0,0,1,0,0,4,0,0,0,0,0,0,0,4,0,0,2,0,7,1,0,0,0,3,1,0,1,1,4,2,2,3,9,0,2,38,0,1,2,1,1,0,31,0,0,3,0,0,1,0,0,1,0,0,8,1,0,1,0,0,0,0,0,1,1,1,0,0,0,0,0,1,1,0,8,2,2,1,0,0,0,98,0,1,0,0,0,1,30
48,2020-03-10,5,10,20,1,17,1,0,55,1,18,7,2,18,6,182,11,110,3,9,267,1,0,5,31,1,4,1,2,2,7,32,0,36,4,13,990,429,576,296,125,1353,252,146,168,318,481,1272,120,67760,1018,75,631,935,93,125,10,75,18,245,758,344,133,539,136,1,76,174,1215,3,0,9,0,14,696,0,3,41,262,2,5,15,59,12,40,1784,1,2,5,15,1457,89,0,1,0,9,69,56,27,8042,71,34,83,10149,0,581,1,7513,69,8,41,1,1,5,129,6,5,2,7,3,1,1,3,1,382,5,2,7,400,18,16,1,1,11,33,22,41,24,0,25,20,51,20,4,5,160,7,31,7,1695,1,355,491,47,53,1,5,0,1,74,1,1,382,0,0,0,0,0,0,6,0,0,0,0,0,0,0,0,0,0,0,0,0,144,0,0,0,0,0,0,0,0,0,0,0,0,0,0,15,2,0,0,0,0,0,0,0,0,0,0,0,0,0,46,5,0,0,0,0,0,0,0,0,0,0,15,0,0,0,0,17,0,21,0,0,0,0,0,0,0,0,2,0,0,0,0,0,0,0,12,6,8,0,0,0,0,0,0,0,0,0,0,1,6,0,0,0,0,0,0,0,0,0,0,0,0,0,1,0,0,0,0,0,0,0,8,92,0,0,0,0,0,3,0,1,0,0,0,0,0,0,0,0,0,0,3,4,0,4,15,0,173,0,0,0,0,7,0,0,3,0,2,0,0,15,0,0,0,0,12,0,0,0,0,0,0,0,0,0,0,0,0,0,3,0,0,0,0,0,0,0,0,0,0,0,0,0,0,0,0,0,0,0,0,7,0,0,0,0,0,0,0,0,0,0,0,0,0,7,13,0,0,0,0,0,2,0,1,7,0,0,267,0,0,0,0,0,0,0,0,0,0,3,0,0,0,31
49,2020-03-11,7,12,20,1,19,1,0,65,1,20,9,3,21,9,246,11,195,3,9,314,1,2,7,38,11,7,2,3,2,19,39,1,41,8,23,990,435,576,296,127,1356,252,146,168,318,482,1273,126,67773,1018,75,631,935,93,125,10,75,18,245,760,344,133,539,136,1,76,174,1215,9,1,13,1,19,696,0,6,91,442,2,5,17,60,16,59,2281,1,2,5,24,1908,99,0,1,2,13,85,62,34,9000,71,43,109,12462,1,639,1,7755,72,10,61,1,3,7,149,8,6,3,8,3,1,1,5,1,503,5,2,7,598,18,19,8,5,11,49,31,59,262,1,45,20,62,21,4,12,178,10,57,13,2277,2,500,652,48,59,1,7,1,1,74,2,1,456,0,0,0,0,0,0,9,1,0,0,0,0,0,0,0,0,0,0,0,0,177,0,0,0,0,0,0,0,0,0,0,0,0,0,0,34,3,0,0,0,0,0,0,0,0,0,1,0,0,0,46,10,0,0,0,0,0,0,0,0,0,0,28,0,0,0,0,23,0,21,0,0,0,0,0,0,0,0,2,0,0,0,0,0,0,0,25,11,13,0,0,0,0,0,0,0,0,0,0,1,8,0,0,0,0,0,0,0,0,0,0,0,0,0,6,0,0,0,0,0,0,0,9,95,0,2,0,0,0,5,0,1,0,0,1,0,0,0,0,0,0,0,5,7,0,5,23,3,220,0,0,0,0,7,0,0,4,0,2,0,0,19,0,0,0,0,16,0,0,0,0,0,0,0,0,0,0,0,0,0,5,0,0,0,0,0,0,0,0,0,0,0,0,0,0,0,0,0,0,0,0,10,8,0,0,0,0,0,0,0,0,0,0,0,0,9,21,0,0,0,0,0,3,0,1,9,0,0,366,0,0,0,0,0,0,0,0,0,0,6,0,0,0,38
50,2020-03-12,7,23,24,1,19,4,0,65,1,20,9,3,21,9,302,11,195,3,12,314,1,2,11,52,11,7,2,3,2,19,46,1,42,9,23,990,435,576,296,127,1356,252,146,168,318,482,1273,129,67781,1018,75,631,935,93,125,10,75,18,245,760,344,133,539,136,1,76,174,1215,9,1,22,1,19,696,3,6,94,615,2,5,17,67,16,59,2281,1,2,5,24,2078,99,1,1,2,13,103,73,34,10075,71,43,131,12462,2,639,1,7869,80,10,61,1,3,19,149,8,6,3,12,3,2,1,6,1,503,5,2,7,702,18,20,11,5,15,52,49,59,262,1,49,28,69,45,4,19,178,16,89,17,2277,2,599,652,49,70,1,7,1,1,85,2,1,456,0,0,0,0,0,0,9,6,0,0,0,0,0,0,0,0,0,0,0,0,221,0,0,0,0,0,0,0,0,0,0,0,0,0,0,45,5,0,0,0,0,0,0,0,0,0,1,0,0,0,46,10,0,0,0,0,0,0,0,0,0,0,35,0,0,0,0,31,0,21,0,0,0,0,0,0,0,0,2,0,0,0,0,0,0,0,32,13,16,0,0,0,0,0,0,0,0,0,0,1,10,0,0,0,0,0,0,0,0,0,0,0,0,0,19,0,0,0,0,0,0,0,12,108,0,2,0,0,0,9,1,1,0,0,1,0,0,0,0,0,0,0,10,14,0,6,29,5,328,0,0,0,0,15,1,0,5,0,2,0,0,24,0,0,0,0,22,0,0,0,0,0,0,0,0,0,0,0,0,0,5,0,0,0,0,0,0,0,0,0,0,0,0,0,0,0,0,0,0,0,0,12,8,0,0,0,0,0,0,0,0,0,0,0,0,18,27,0,0,0,0,0,5,0,2,17,0,0,442,0,0,0,0,0,0,0,0,0,0,8,0,1,0,39
